"values","iso2c","iso3c","EN","DE","FR","IT","ES","PT","RU","ZH","JA","AR"
22.39,"QA","QAT","Qatar","Katar","Qatar","Qatar","Catar","Catar","Катар","卡塔尔","カタール","قطر"
17.28,"VG","VGB","British Virgin Islands","Britische Jungferninseln","Îles Vierges britanniques","Isole Vergini britanniche","Islas Vírgenes Británicas","Ilhas Virgens Britânicas","Британские Виргинские острова","英属维尔京群岛","英領ヴァージン諸島","جزر فيرجن البريطانية"
17.16,"LU","LUX","Luxembourg","Luxemburg","Luxembourg","Lussemburgo","Luxemburgo","Luxemburgo","Люксембург","卢森堡","ルクセンブルク","لوكسمبورغ"
14.4,"KY","CYM","Cayman Islands","Cayman Inseln","Îles Caïmanes","Isole Cayman","Islas Caimán","Ilhas Cayman","Каймановы острова","开曼群岛","ケイマン諸島","جزر كايمان"
14.05,"SG","SGP","Singapore","Singapur","Singapour","Singapore","Singapur","Cingapura","Сингапур","新加坡","シンガポール","سنغافورة"
13.09,"BH","BHR","Bahrain","Bahrein","Bahreïn","Bahrein","Baréin","Bahrain","Бахрейн","巴林","バーレーン","البحرين"
12.36,"AE","ARE","United Arab Emirates","Vereinigte Arabische Emirate","Émirats arabes unis","Emirati Arabi Uniti","Emiratos Árabes Unidos","Emirados Árabes Unidos","Объединенные Арабские Эмираты","阿拉伯联合酋长国","アラブ首長国連邦","الإمارات العربية المتحدة"
12.18,"AI","AIA","Anguilla","Anguilla","Anguilla","Anguilla","Anguilla","Anguilla","Анги́лья","安圭拉","アンギラ島","أنغيلا"
11.47,"SS","SSD","South Sudan","Süd-Sudan","Soudan du Sud","Sud Sudan","Sudán del Sur","Sudão do Sul","Южный Судан","南苏丹","南スーダン","جنوب السودان"
9.94,"TC","TCA","Turks and Caicos Islands","Turks und Caicos Inseln","Îles Turks et Caïques","Turks e Caicos","Islas Turcas y Caicos","Ilhas Turcas e Caicos","Теркс и Ка́йкос","特克斯和凯科斯群岛","タークス·カイコス諸島","جزر تركس وكايكوس"
9.48,"CY","CYP","Cyprus","Zypern","Chypre","Cipro","Chipre","Chipre","Кипр","塞浦路斯","キプロス","قبرص"
8.92,"AW","ABW","Aruba","Aruba","Aruba","Aruba","Aruba","Aruba","Аруба","阿鲁巴","アルバ","أروبا"
8.31,"ES","ESP","Spain","Spanien","Espagne","Spagna","España","Espanha","Испания","西班牙","スペイン","إسبانيا"
8.03,"SM","SMR","San Marino","San Marino","Saint-Marin","San Marino","San Marino","San Marino","Сан-Марино","圣马力诺","サン·マリノ","سان مارينو"
7.8,"LY","LBY","Libya","Libyen","Libye","Libia","Libia","Líbia","Ливия","利比亚","リビア","ليبيا"
7.25,"NO","NOR","Norway","Norwegen","Norvège","Norvegia","Noruega","Noruega","Норвегия","挪威","ノルウェー","النرويج"
7.16,"MP","MNP","Northern Mariana Islands","Northern Mariana Islands","Îles Mariannes du Nord","Isole Marianne settentrionali","Islas Marianas Septentrionales","Ilhas Marianas do Norte","Северные Марианские острова","北马里亚纳群岛","北マリアナ諸島","جزر ماريانا الشمالية"
6.63,"SX","SXM","Sint Maarten (Dutch part)","Sint Maarten (niederländischen Teil)","Saint-Martin (partie Néerlandaise)","Sint Maarten (Parte olandese)","San Martín (parte holandesa)","St. Martin (parte holandesa)","Синт-Ма́ртен (Нидерланды)","荷属圣马丁","シントマールテン島","سانت مارتن (الجزء الهولندي)"
6.56,"IM","IMN","Isle of Man","Isle of Man","Île de Man","Isola di Man","Isla de Man","Ilha de Man","Остров Мэн","马恩岛","マン島","جزيرة مان"
6.06,"DJ","DJI","Djibouti","Djibouti","Djibouti","Gibuti","Yibuti","Djibouti","Джибути","吉布提","ジブチ","جيبوتي"
5.87,"BE","BEL","Belgium","Belgien","Belgique","Belgio","Bélgica","Bélgica","Бельгия","比利时","ベルギー","بلجيكا"
5.66,"CA","CAN","Canada","Kanada","Canada","Canada","Canadá","Canadá","Канада","加拿大","カナダ","كندا"
5.65,"AU","AUS","Australia","Australien","Australie","Australia","Australia","Austrália","Австралия","澳大利亚","オーストラリア","أستراليا"
5.56,"AT","AUT","Austria","Österreich","Autriche","Austria","Austria","Áustria","Австрия","奥地利","オーストリア","النمسا"
5.42,"SE","SWE","Sweden","Schweden","Suède","Svezia","Suecia","Suécia","Швеция","瑞典","スウェーデン","السويد"
5.08,"LI","LIE","Liechtenstein","Liechtenstein","Liechtenstein","Liechtenstein","Liechtenstein","Liechtenstein","Лихтенштейн","列支敦士登","リヒテンシュタイン","ليختنشتاين"
4.74,"CH","CHE","Switzerland","Schweiz","Suisse","Svizzera","Suiza","Suíça","Швейцария","瑞士","スイス","سويسرا"
4.56,"BW","BWA","Botswana","Botswana","Botswana","Botswana","Botsuana","Botswana","Ботсвана","博茨瓦纳","ボツワナ","بوتسوانا"
4.43,"IS","ISL","Iceland","Island","Islande","Islanda","Islandia","Islândia","Исландия","冰岛","アイスランド","أيسلندا"
4.1,"IT","ITA","Italy","Italien","Italie","Italia","Italia","Itália","Италия","意大利","イタリア","إيطاليا"
4.09,"IE","IRL","Ireland","Irland","Irlande","Irlanda","Irlanda","Irlanda","Ирландия","爱尔兰","アイルランド","أيرلندا"
4.01,"NC","NCL","New Caledonia","Neu-Kaledonien","Nouvelle-Calédonie","Nuova Caledonia","Nueva Caledonia","Nova Caledônia","Новая Каледония","新喀里多尼亚","ニューカレドニア","كاليدونيا الجديدة"
3.86,"NP","NPL","Nepal","Nepal","Népal","Nepal","Nepal","Nepal","Непал","尼泊尔","ネパール","نيبال"
3.86,"US","USA","United States","Vereinigte Staaten","États-Unis","Stati Uniti d'America","Estados Unidos","Estados Unidos","Соединенные Штаты Америки","美国","米国","الولايات المتحدة"
3.83,"MC","MCO","Monaco","Monaco","Monaco","Monaco","Mónaco","Mônaco","Монако","摩纳哥","モナコ","موناكو"
3.76,"JE","JEY","Jersey","Jersey","Jersey","Isola di Jersey","Jersey","Jersey","Остров Джерси","泽西岛","ジャージー","جيرسي"
3.37,"MO","MAC","Macao","Macao","Macao","Macao","Macao","Macau","Макао","澳门","マカオ","ماكاو"
3.1,"FI","FIN","Finland","Finnland","Finlande","Finlandia","Finlandia","Finlândia","Финляндия","芬兰","フィンランド","فنلندا"
2.67,"PT","PRT","Portugal","Portugal","Portugal","Portogallo","Portugal","Portugal","Португалия","葡萄牙","ポルトガル","البرتغال"
2.54,"GB","GBR","United Kingdom","Vereinigtes Königreich","Royaume-Uni","Regno Unito","Reino Unido","Reino Unido","Соединенное Королевство Великобритании и Северной Ирландии","英国","英国","المملكة المتحدة"
2.43,"BN","BRN","Brunei","Brunei","Brunei","Brunei","Brunéi","Brunei Darussalam","Бруней-Даруссалам","文莱","ブルネイ","بروناي"
2.42,"ZA","ZAF","South Africa","Südafrika","Afrique du Sud","Sudafrica","Sudáfrica","África do Sul","Южная Африка","南非","南アフリカ","جنوب أفريقيا"
2.33,"CZ","CZE","Czech Republic","Tschechische Republik","République tchèque","Repubblica Ceca","República Checa","República Tcheca","Чешская Республика","捷克共和国","チェコ","تشيكيا"
2.32,"GR","GRC","Greece","Griechenland","Grèce","Grecia","Grecia","Grécia","Греция","希腊","ギリシャ","اليونان"
2.32,"GG","GGY","Guernsey","Guernsey","Guernesey","Guernsey","Guernsey","Guernsey","Ге́рнси","根西岛","ガーンジー島","غيرنسي"
2.24,"IL","ISR","Israel","Israel","Israël","Israele","Israel","Israel","Израиль","以色列","イスラエル","إسرائيل"
2.21,"AG","ATG","Antigua and Barbuda","Antigua und Barbuda","Antigua-et-Barbuda","Antigua e Barbuda","Antigua y Barbuda","Antigua e Barbuda","Антигуа и Барбуда","安提瓜和巴布达","アンティグア・バーブーダ","أنتيغوا وبربودا"
2.21,"NZ","NZL","New Zealand","Neuseeland","Nouvelle-Zélande","Nuova Zelanda","Nueva Zelandia","Nova Zelândia","Новая Зеландия","新西兰","ニュージーランド","نيوزيلندا"
2.2,"DK","DNK","Denmark","Dänemark","Danemark","Danimarca","Dinamarca","Dinamarca","Дания","丹麦","デンマーク","الدنمارك"
2.16,"TR","TUR","Turkey","Türkei","Turquie","Turchia","Turquía","Turquia","Турция","土耳其","トルコ","البيرو"
1.98,"MT","MLT","Malta","Malta","Malte","Malta","Malta","Malta","Мальта","马耳他","マルタ","مالطا"
1.95,"NL","NLD","Netherlands","Niederlande","Pays-Bas","Paesi Bassi","Países Bajos","Holanda","Нидерланды","荷兰","オランダ","هولندا"
1.88,"BM","BMU","Bermuda","Bermuda","Bermudes","Bermuda","Bermuda","Bermudas","Бермуды","百慕大","バミューダ諸島","برمودا"
1.69,"RU","RUS","Russian Federation","Russische Föderation","Fédération de Russie","Russia","Rusia","Federação Russa","Российская Федерация","俄罗斯","ロシア","روسيا"
1.68,"HK","HKG","Hong Kong","Hong Kong","Hong-Kong","Hong Kong","Hong Kong","Hong Kong","Гонконг","香港","香港","هونغ كونغ"
1.62,"IQ","IRQ","Iraq","Irak","Iraq","Iraq","Irak","Iraque","Ирак","伊拉克","イラク","العراق"
1.39,"HR","HRV","Croatia","Kroatien","Croatie","Croazia","Croacia","Croácia","Хорватия","克罗地亚","クロアチア","كرواتيا"
1.33,"HU","HUN","Hungary","Ungarn","Hongrie","Ungheria","Hungría","Hungria","Венгрия","匈牙利","ハンガリー","هنغاريا"
1.27,"CW","CUW","Curacao","Curacao","Curaçao","Curaçao","Curaçao","Curaçao","Кюрасао","库拉索","キュラソー島","كوراكاو"
1.24,"DE","DEU","Germany","Deutschland","Allemagne","Germania","Alemania","Alemanha","Германия","德国","ドイツ","ألمانيا"
1.21,"KN","KNA","Saint Kitts and Nevis","St. Kitts und Nevis","Saint-Kitts-et-Nevis","Saint Kitts e Nevis","San Cristóbal y Nieves","São Cristóvão e Nevis","Сент-Китс и Невис","圣基茨和尼维斯","セントクリストファー·ネーヴィス","سانت كيتس ونيفيس"
1.09,"FR","FRA","France","Frankreich","France","Francia","Francia","França","Франция","法国","フランス","فرنسا"
1,"YE","YEM","Yemen","Jemen","Yémen","Yemen","Yemen","Iêmen","Йемен","也门","イエメン","اليمن"
1,"SC","SYC","Seychelles","Seychellen","Seychelles","Seychelles","Seychelles","Seychelles","Сейшельские Острова","塞舌尔","セイシェル","سيشيل"
0.89,"TW","TWN","Taiwan, Province of China","Taiwan, Province of China","Taïwan, Province de Chine","Taiwan","Provincia china de Taiwán","Taiwan, Província da China","Тайвань (провинция Китайской Народной Республики)","中国台湾省","台湾、中国の省","مقاطعة تايوان الصينية"
0.85,"RW","RWA","Rwanda","Ruanda","Rwanda","Ruanda","Ruanda","Ruanda","Руанда","卢旺达","ルワンダ","رواندا"
0.83,"CR","CRI","Costa Rica","Costa Rica","Costa Rica","Costa Rica","Costa Rica","Costa Rica","Коста-Рика","哥斯达黎加","コスタリカ","كوستا ريكا"
0.71,"PW","PLW","Palau","Palau","Palaos","Palau","Paláu","Palau","Палау","帕劳","パラオ","بالاو"
0.7,"BY","BLR","Belarus","Weissrussland","Bélarus","Bielorussia","Belarús","Bielorrússia","Беларусь","白俄罗斯","ベラルーシ","روسيا البيضاء"
0.56,"SR","SUR","Suriname","Suriname","Suriname","Suriname","Suriname","Suriname","Суринам","苏里南","スリナム","سورينام"
0.46,"AO","AGO","Angola","Angola","Angola","Angola","Angola","Angola","Ангола","安哥拉","アンゴラ","أنغولا"
0.46,"BD","BGD","Bangladesh","Bangladesch","Bangladesh","Bangladesh","Bangladés","Bangladesh","Бангладеш","孟加拉","バングラデシュ","بنغلاديش"
0.41,"KZ","KAZ","Kazakhstan","Kasachstan","Kazakhstan","Kazakistan","Kazajistán","Cazaquistão","Казахстан","哈萨克斯坦","カザフスタン","كازاخستان"
0.37,"SI","SVN","Slovenia","Slowenien","Slovénie","Slovenia","Eslovenia","Eslovênia","Словения","斯洛文尼亚","スロベニア","سلوفينيا"
0.34,"CL","CHL","Chile","Chile","Chili","Cile","Chile","Chile","Чили","智利","チリ","تشيلي"
0.04,"SK","SVK","Slovakia","Slowakei","Slovaquie","Slovacchia","República Eslovaca","Eslováquia","Словакия","斯洛伐克","スロバキア","سلوفاكيا"
0,"ZW","ZWE","Zimbabwe","Zimbabwe","Zimbabwe","Zimbabwe","Zimbabue","Zimbábue","Зимбабве","津巴布韦","ジンバブエ","زيمبابوي"
0,"AD","AND","Andorra","Andorra","Andorre","Andorra","Andorra","Andorra","Андорра","安道​​尔","アンドラ公国","أندورا"
0,"VE","VEN","Bolivarian Republic of Venezuela","Venezuela","Venezuela","Venezuela","Venezuela","Venezuela","Венесуэла, Боливарианская Республика","委内瑞拉","ベネズエラ","فنزويلا"
0,"TG","TGO","Togo","Togo","Togo","Togo","Togo","Togo","Того","多哥","トーゴ","توغو"
0,"TH","THA","Thailand","Thailand","Thaïlande","Thailandia","Tailandia","Tailândia","Таиланд","泰国","タイ","تايلاند"
0,"SZ","SWZ","Swaziland","Swaziland","Swaziland","Swaziland","Suazilandia","Suazilândia","Свазиленд","斯威士兰","スワジランド","سوازيلاند"
0,"RS","SRB","Serbia","Serbien","Serbie","Serbia","Serbia","Sérvia","Сербия","塞尔维亚","セルビア","صربيا"
0,"SH","SHN","Saint Helena, Ascension and Tristan da Cunha","St. Helena, Ascension und Tristan da Cunha","Sainte-Héléne, Ascension et Tristan da Cunha","Sant'Elena, Ascensione e Tristan de Cunha","Santa Elena, Ascensión y Tristán da Cunha","Santa Helena, Ascensão e Tristão da Cunha","Св. Елена, остров Вознесения, Тристан да Кунья","圣赫勒拿岛，阿森松岛和特里斯坦-达库尼亚","セントヘレナ、アセンションおよびトリスタン·ダ·クーニャ","سانت هيلانة وأسنسيون وتريستان دا كونها"
0,"PG","PNG","Papua New Guinea","Papua-Neuguinea","Papouasie-Nouvelle-Guinée","Papua Nuova Guinea","Papúa Nueva Guinea","Papua Nova Guiné","Папуа-Новая Гвинея","巴布亚新几内亚","パプアニューギニア","بابوا غينيا الجديدة"
0,"NA","NAM","Namibia","Namibia","Namibie","Namibia","Namibia","Namíbia","Намибия","纳米比亚","ナミビア","ناميبيا"
0,"MS","MSR","Montserrat","Montserrat","Montserrat","Montserrat","Montserrat","Montserrat","Монтсеррат","蒙特塞拉特","モントセラト","مونتسيرات"
0,"MU","MUS","Mauritius","Mauritius","Maurice","Mauritius","Mauricio","Maurice","Маврикий","毛里求斯","モーリシャス","موريشيوس"
0,"MW","MWI","Malawi","Malawi","Malawi","Malawi","Malaui","Malavi","Малави","马拉维","マラウィ","ملاوي"
0,"MG","MDG","Madagascar","Madagaskar","Madagascar","Madagascar","Madagascar","Madagascar","Мадагаскар","马达加斯加","マダガスカル","مدغشقر"
0,"LR","LBR","Liberia","Liberia","Libéria","Liberia","Liberia","Libéria","Либерия","利比里亚","リベリア","ليبيريا"
0,"KR","KOR","Republic of Korea","Republik Korea","République de Corée","Corea del Sud","República de Corea","República da Coreia","Республика Корея","韩国","大韓民国","كوريا"
0,"JP","JPN","Japan","Japan","Japon","Giappone","Japón","Japão","Япония","日本","日本","اليابان"
0,"GW","GNB","Guinea-Bissau","Guinea-Bissau","Guinée-Bissau","Guinea-Bissau","Guinea-Bisáu","Guiné-Bissau","Гвинея-Бисау","几内亚比绍","ギニアビサウ","غينيا-بيساو"
0,"GN","GIN","Guinea","Guinea","Guinée","Guinea","Guinea","Guiné","Гвинея","几内亚","ギニア","غينيا"
0,"PS","PSE","Occupied Palestinian Territory","Besetzte palästinensische Gebiete","Palestinien Occupé","Territori Palestinesi Occupati","Territorio Palestino Ocupado","Palestinos Ocupados","Оккупированная палестинская территория","巴勒斯坦被占领土","パレスチナ自治区","الأراضي الفلسطينية المحتلة"
0,"FO","FRO","Faroe Islands","Färöer Inseln","Îles Féroé","Faerøerne","Islas Feroe","Ilhas Faroe","Фарерские острова","法罗群岛","フェロー諸島","جزر فارو"
0,"ER","ERI","Eritrea","Eritrea","Érythrée","Eritrea","Eritrea","Eritreia","Эритрея","厄立特里亚","エリトリア","إريتريا"
0,"GQ","GNQ","Equatorial Guinea","Äquatorialguinea","Guinée équatoriale","Guinea equatoriale","Guinea Ecuatorial","Guiné Equatorial","Экваториальная Гвинея","赤道几内亚","赤道ギニア","غينيا الاستوائية"
0,"EC","ECU","Ecuador","Ecuador","Équateur","Ecuador","Ecuador","Equador","Эквадор","厄瓜多尔","エクアドル","الاكوادور"
0,"CI","CIV","Cote d'Ivoire","Côte d'Ivoire","Côte d'ivoire","Costa d'Avorio","Costa de Marfil","Costa Do Marfim","Кот-д'Ивуар","科特迪瓦","コー​​トジボワール","كوت ديفوار"
0,"CF","CAF","Central African Republic","Zentralafrikanische Republik","République centrafricaine","Repubblica centrafricana","República Centroafricana","República Centroafricana","Центральноафриканская Республика","中非共和国","中央アフリカ","جمهورية افريقيا الوسطى"
0,"BI","BDI","Burundi","Burundi","Burundi","Burundi","Burundi","Burundi","Бурунди","布隆迪","ブルンジ","بوروندي"
0,"BF","BFA","Burkina Faso","Burkina Faso","Burkina Faso","Burkina Faso","Burkina Faso","Burkina Faso","Буркина-Фасо","布基纳法索","ブルキナファソ","بوركينا فاسو"
0,"BT","BTN","Bhutan","Bhutan","Bhoutan","Bhutan","Bután","Butão","Бутан","不丹","ブータン","بوتان"
0,"BJ","BEN","Benin","Benin","Bénin","Benin","Benín","Benin","Бенин","贝宁","ベニン","بنين"
0,"BZ","BLZ","Belize","Belize","Belize","Belize","Belice","Belize","Белиз","伯利兹","ベリーズ","بليز"
0,"BS","BHS","Bahamas","Bahamas","Bahamas","Bahamas","Bahamas","Bahamas","Багамские Острова","巴哈马","バハマ","جزر البهاما"
0,"AZ","AZE","Azerbaijan","Aserbaidschan","Azerbaédjan","Azerbaigian","Azerbaiyán","Azerbaijão","Азербайджан","阿塞拜疆","アゼルバイジャン","آذربيجان"
0,"AR","ARG","Argentina","Argentinien","Argentine","Argentina","Argentina","Argentina","Аргентина","阿根廷","アルゼンチン","الأرجنتين"
0,"PS","PSE","Occupied Palestinian Territory","Besetzte palästinensische Gebiete","Palestinien Occupé","Territori Palestinesi Occupati","Territorio Palestino Ocupado","Palestinos Ocupados","Оккупированная палестинская территория","巴勒斯坦被占领土","パレスチナ自治区","الأراضي الفلسطينية المحتلة"
-0.04,"IN","IND","India","Indien","Inde","India","India","Índia","Индия","印度","インド","الهند"
-0.04,"KP","PRK","Democratic People's Republic of Korea","Demokratische Volksrepublik Korea","La République populaire démocratique de Corée","Corea del Nord","República Popular Democrática de Corea","República Popular Democrática da Coreia","Корейская Народно-Демократическая Республика","朝鲜","朝鮮民主主義人民共和国","جمهورية كوريا الشعبية الديمقراطية وجمهورية كوريا"
-0.07,"IR","IRN","Islamic Republic of Iran","Islamischen Republik Iran","République Islamique d'Iran","Iran","Irán","Irã","Иран, Исламская Республика","伊朗","イラン","إيران"
-0.07,"PY","PRY","Paraguay","Paraguay","Paraguay","Paraguay","Paraguay","Paraguai","Парагвай","巴拉圭","パラグアイ","باراغواي"
-0.14,"BR","BRA","Brazil","Brasilien","Brésil","Brasile","Brasil","Brasil","Бразилия","巴西","ブラジル","البرازيل"
-0.15,"CM","CMR","Cameroon","Kamerun","Cameroun","Camerun","Camerún","Camarões","Камерун","喀麦隆","カメルーン","الكاميرون"
-0.19,"EG","EGY","Egypt","Ägypten","Égypte","Egitto","Egipto","Egito","Египет","埃及","エジプト","مصر"
-0.22,"ET","ETH","Ethiopia","Äthiopien","Éthiopie","Etiopia","Etiopía","Etiópia","Эфиопия","埃塞俄比亚","エチオピア","أثيوبيا"
-0.22,"KE","KEN","Kenya","Kenia","Kenya","Kenya","Kenia","Quênia","Кения","肯尼亚","ケニア","كينيا"
-0.22,"NG","NGA","Nigeria","Nigeria","Nigéria","Nigeria","Nigeria","Nigéria","Нигерия","尼日利亚","ナイジェリア","نيجيريا"
-0.24,"RO","ROU","Romania","Rumänien","Roumanie","Romania","Rumania","Romênia","Румыния","罗马尼亚","ルーマニア","رومانيا"
-0.27,"CD","COD","Democratic Republic of the Congo","Demokratische Republik Kongo","La République démocratique du Congo","Repubblica democratica del Congo","República Democrática del Congo","República Democrática do Congo","Демократическая Республика Конго","刚果民主共和国","コンゴ共和国","جمهورية الكونغو الديمقراطية"
-0.28,"MM","MMR","Myanmar","Myanmar","Myanmar","Myanmar","Myanmar","Myanmar","Мьянма","缅甸","ミャンマー","ميانمار"
-0.28,"PA","PAN","Panama","Panama","Panama","Panama","Panamá","Panamá","Панама","巴拿马","パナマ","بناما"
-0.29,"BG","BGR","Bulgaria","Bulgarien","Bulgarie","Bulgaria","Bulgaria","Bulgária","Болгария","保加利亚","ブルガリア","بلغاريا"
-0.3,"VN","VNM","Vietnam","Vietnam","Viet Nam","Vietnam","Vietnam","Vietnã","Вьетнам","越南","ベトナム","فيتنام"
-0.3,"BB","BRB","Barbados","Barbados","Barbade","Barbados","Barbados","Barbados","Барбадос","巴巴多斯","バルバドス","بربادوس"
-0.32,"KH","KHM","Cambodia","Kambodscha","Cambodge","Cambogia","Camboya","Camboja","Камбоджа","柬埔寨","カンボジア","كمبوديا"
-0.33,"MY","MYS","Malaysia","Malaysia","Malaisie","Malesia","Malasia","Malásia","Малайзия","马来西亚","マレーシア","ماليزيا"
-0.38,"BA","BIH","Bosnia and Herzegovina","Bosnien und Herzegowina","Bosnie-Herzégovine","Bosnia-Erzegovina","Bosnia-Herzegovina","Bósnia E Herzegovina","Босния и Герцеговина","波斯尼亚和黑塞哥维那","ボスニア·ヘルツェゴビナ","البوسنة والهرسك"
-0.43,"OM","OMN","Oman","Oman","Oman","Oman","Omán","Omã","Оман","阿曼","オマーン","عُمان"
-0.44,"CN","CHN","China","China","Chine","Cina","China","China","Китай","中国","中国","الصين"
-0.46,"PL","POL","Poland","Polen","Pologne","Polonia","Polonia","Polônia","Польша","波兰","ポーランド","بولندا"
-0.48,"MK","MKD","Former Yugoslav Republic of Macedonia","Ehemalige jugoslawische Republik Mazedonien","L'Ex-République yougoslave de Macédoine","Ex Repubblica jugoslava di Macedonia","Antigua república yugoslava de Macedonia","Antiga República Jugoslava da Macedónia","Бывшая югославская Республика Македония","马其顿","マケドニア·旧ユーゴスラビア共和国","مقدونيا"
-0.54,"TZ","TZA","United Republic of Tanzania","Tansania","Tanzanie","Tanzania","República Unida de Tanzanía","Tanzânia","Объединенная Республика Танзания","坦桑尼亚","タンザニア","تنزانيا"
-0.55,"SA","SAU","Saudi Arabia","Saudi-Arabien","Arabie Saoudite","Arabia Saudita","Arabia Saudita","Arábia Saudita","Саудовская Аравия","沙特阿拉伯","サウジアラビア","السعودية"
-0.56,"NE","NER","Niger","Niger","Niger","Niger","Níger","Níger","Нигер","尼日尔","ニジェール","النيجر"
-0.62,"BO","BOL","Bolivia","Bolivien","Bolivie","Bolivia","Bolivia","Bolívia","Боливия","玻利维亚","ボリビア","بوليفيا"
-0.63,"CV","CPV","Cape Verde","Kap Verde","Cap-Vert","Capo Verde","Cabo Verde","Cabo Verde","Кабо-Верде","佛得角","カボベルデ","الرأس الأخضر"
-0.64,"CO","COL","Colombia","Kolumbien","Colombie","Colombia","Colombia","Colômbia","Колумбия","哥伦比亚","コロンビア","كولومبيا"
-0.68,"ZM","ZMB","Zambia","Sambia","Zambie","Zambia","Zambia","Zâmbia","Замбия","赞比亚","ザンビア","زامبيا"
-0.74,"UG","UGA","Uganda","Uganda","Ouganda","Uganda","Uganda","Uganda","Уганда","乌干达","ウガンダ","أوغندا"
-0.83,"MR","MRT","Mauritania","Mauretanien","Mauritanie","Mauritania","Mauritania","Mauritânia","Мавритания","毛里塔尼亚","モーリタニア","موريتانيا"
-0.84,"PF","PYF","French Polynesia","Französisch Polynesien","Polynésie française","Polinesia francese","Polinesia Francesa","Polinésia Francesa","Французская Полинезия","法属波利尼西亚","仏領ポリネシア","بولينيزيا الفرنسية"
-0.84,"MN","MNG","Mongolia","Mongolei","Mongolie","Mongolia","Mongolia","Mongólia","Монголия","蒙古","モンゴル","منغوليا"
-0.9,"UY","URY","Uruguay","Uruguay","Uruguay","Uruguay","Uruguay","Uruguai","Уругвай","乌拉圭","ウルグアイ","أوروغواي"
-0.92,"DZ","DZA","Algeria","Algerien","Algérie","Algeria","Argelia","Argélia","Алжир","阿尔及利亚","アルジェリア","الجزائر"
-1.09,"LA","LAO","Lao People's Democratic Republic","Demokratische Volksrepublik","République démocratique populaire lao","Laos","República Democrática Popular Laos","Laos","Лаосская Народно-Демократическая Республика","老挝","ラオス人民民主共和国","جمهورية لاو الديمقراطية الشعبية"
-1.1,"LB","LBN","Lebanon","Libanon","Liban","Libano","Líbano","Líbano","Ливан","黎巴嫩","レバノン","لبنان"
-1.15,"TJ","TJK","Tajikistan","Tadschikistan","Tadjikistan","Tagikistan","Tayikistán","Tajiquistão","Таджикистан","塔吉克斯坦","タジキスタン","طاجيكستان"
-1.16,"ID","IDN","Indonesia","Indonesien","Indonésie","Indonesia","Indonesia","Indonésia","Индонезия","印度尼西亚","インドネシア","أندونيسيا"
-1.16,"HN","HND","Honduras","Honduras","Honduras","Honduras","Honduras","Honduras","Гондурас","洪都拉斯","ホンジュラス","هندوراس"
-1.35,"LK","LKA","Sri Lanka","Sri Lanka","Sri Lanka","Sri Lanka","Sri Lanka","Sri Lanka","Шри-Ланка","斯里兰卡","スリランカ","سيريلانكا"
-1.47,"VU","VUT","Vanuatu","Vanuatu","Vanuatu","Vanuatu","Vanuatu","Vanuatu","Вануату","瓦努阿图","バヌアツ","فانواتو"
-1.51,"AF","AFG","Afghanistan","Afghanistan","Afghanistan","Afghanistan","Afganistán","Afeganistão","Афганистан","阿富汗","アフガニスタン","أفغانستان"
-1.54,"PK","PAK","Pakistan","Pakistan","Pakistan","Pakistan","Pakistán","Paquistão","Пакистан","巴基斯坦","パキスタン","باكستان"
-1.58,"KW","KWT","Kuwait","Kuwait","Koweït","Kuwait","Kuwait","Kuweit","Кувейт","科威特","クウェート","الكويت"
-1.59,"SN","SEN","Senegal","Senegal","Sénégal","Senegal","Senegal","Senegal","Сенегал","塞内加尔","セネガル","السنغال"
-1.68,"MX","MEX","Mexico","Mexiko","Mexique","Messico","México","México","Мексика","墨西哥","メキシコ","المكسيك"
-1.73,"TN","TUN","Tunisia","Tunesien","Tunisie","Tunisia","Túnez","Tunísia","Тунис","突尼斯","チュニジア","تونس"
-1.75,"SB","SLB","Solomon Islands","Salomon-Inseln","Îles Salomon","Isole Salomone","Islas Salomón","Ilhas Salomão","Соломоновы Острова","所罗门群岛","ソロモン諸島","جزر سليمان"
-1.84,"TM","TKM","Turkmenistan","Turkmenistan","Turkménistan","Turkmenistan","Turkmenistán","Turquemenistão","Туркменистан","土库曼斯坦","トルクメニスタン","تركمانستان"
-1.91,"DO","DOM","Dominican Republic","Dominikanische Republik","Dominicaine république","Repubblica dominicana","República Dominicana","República Dominicana","Доминиканская Республика","多明尼加","ドミニカ共和国","جمهورية الدومينيكان"
-1.97,"GT","GTM","Guatemala","Guatemala","Guatemala","Guatemala","Guatemala","Guatemala","Гватемала","危地马拉","グアテマラ","غواتيمالا"
-1.98,"MZ","MOZ","Mozambique","Mosambik","Mozambique","Mozambico","Mozambique","Moçambique","Мозамбик","莫桑比克","モザンビーク","موزمبيق"
-2.02,"GH","GHA","Ghana","Ghana","Ghana","Ghana","Ghana","Gana","Гана","加纳","ガーナ","غانا"
-2.03,"GA","GAB","Gabon","Gabon","Gabon","Gabon","Gabón","Gabão","Габон","加蓬","ガボン","الغابون"
-2.09,"PH","PHL","Philippines","Philippinen","Philippines","Filippine","Filipinas","Filipinas","Филиппины","菲律宾","フィリピン","الفلبين"
-2.12,"GM","GMB","Gambia","Gambia","Gambie","Gambia","Gambia","Gâmbia","Гамбия","冈比亚","ガンビア","غامبيا"
-2.25,"UA","UKR","Ukraine","Ukraine","Ukraine","Ucraina","Ucrania","Ucrânia","Украина","乌克兰","ウクライナ","أوكرانيا"
-2.26,"ML","MLI","Mali","Mali","Mali","Mali","Malí","Mali","Мали","马里","マリ","مالي"
-2.37,"UZ","UZB","Uzbekistan","Usbekistan","Ouzbékistan","Uzbekistan","Uzbekistán","Uzbequistão","Узбекистан","乌兹别克斯坦","ウズベキスタン","أوزبكستان"
-2.53,"PE","PER","Peru","Peru","Pérou","Perù","Perú","Peru","Перу","秘鲁","ペルー","بيرو"
-2.53,"KM","COM","Comoros","Komoren","Comores","Isole Comore","Comoras","Comores","Коморские острова","科摩罗","コモロ","جزر القمر"
-2.7,"GE","GEO","Georgia","Georgia","Géorgie","Georgia","Georgia","Georgia","Грузия","格鲁吉亚","ジョージア","جورجيا"
-2.76,"HT","HTI","Haiti","Haiti","Haiti","Haiti","Haití","Haiti","Гаити","海地","ハイチ","هايتي"
-2.77,"SL","SLE","Sierra Leone","Sierra Leone","Sierra Leone","Sierra Leone","Sierra Leona","Serra Leoa","Сьерра-Леоне","塞拉利昂","シエラレオネ","سيراليون"
-2.87,"KI","KIR","Kiribati","Kiribati","Kiribati","Kiribati","Kiribati","Kiribati","Кирибати","基里巴斯","キリバス","كيريباس"
-2.93,"LC","LCA","Saint Lucia","St. Lucia","Sainte-Lucie","Santa Lucia","Santa Lucía","St. Lucia","Сент-Люси́я","圣卢西亚","セントルシア","سانت لوسيا"
-3,"NI","NIC","Nicaragua","Nicaragua","Nicaragua","Nicaragua","Nicaragua","Nicarágua","Никарагуа","尼加拉瓜","ニカラグア","نيكاراغوا"
-3.13,"GD","GRD","Grenada","Grenada","Grenade","Grenada","Granada","Granada","Гренада","格林纳达","グレナダ","غرينادا"
-3.28,"GI","GIB","Gibraltar","Gibraltar","Gibraltar","Gibilterra","Gibraltar","Gibraltar","Гибралтар","直布罗陀","ジブラルタル","جبل طارق"
-3.3,"AL","ALB","Albania","Albanien","Albanie","Albania","Albania","Albânia","Албания","阿尔巴尼亚","アルバニア","ألبانيا"
-3.36,"MA","MAR","Morocco","Marokko","Maroc","Marocco","Marruecos","Marrocos","Марокко","摩洛哥","モロッコ","المغرب"
-3.45,"TD","TCD","Chad","Tschad","Tchad","Ciad","Chad","Chade","Чад","乍得","チャド","تشاد"
-3.6,"EE","EST","Estonia","Estland","Estonie","Estonia","Estonia","Estônia","Эстония","爱沙尼亚","エストニア","استونيا"
-3.66,"CU","CUB","Cuba","Kuba","Cuba","Cuba","Cuba","Cuba","Куба","古巴","キューバ","كوبا"
-3.86,"TL","TLS","Timor-Leste","Timor-Leste","Timor-Leste","Timor Est","Timor-Leste","Timor Leste","Восточный Тимор","东帝汶","東ティモール","تيمور الشرقية"
-4.29,"SD","SDN","Sudan","Sudan","Soudan","Sudan","Sudán","Sudão","Судан","苏丹","スーダン","السودان"
-4.66,"JM","JAM","Jamaica","Jamaika","Jamaïque","Giamaica","Jamaica","Jamaica","Ямайка","牙买加","ジャマイカ","جامايكا"
-4.83,"MH","MHL","Marshall Islands","Marshall Islands","Îles Marshall","Isole Marshall","Islas Marshall","Ilhas Marshall","Маршалловы Острова","马绍尔群岛","マーシャル諸島","جزر مارشال"
-5.06,"WF","WLF","Wallis and Futuna","Wallis und Futuna","Wallis et Futuna","Wallis e Futuna","Islas Wallis y Futuna","Wallis e Futuna","Уоллис и Футуна","瓦利斯和富图纳群岛","ワリー·エ·フトゥーナ","واليس وفوتونا"
-5.22,"KG","KGZ","Kyrgyzstan","Kirgisistan","Kirghizistan","Kirghizistan","Kirguistán","Quirguistão","Кыргызстан","吉尔吉斯斯坦","キルギスタン","قيرغيزستان"
-5.38,"DM","DMA","Dominica","Dominica","Dominique","Dominica","Dominica","Dominica","Содру́жество Домини́ки","多米尼加","ドミニカ","دومينيكا"
-5.8,"AM","ARM","Armenia","Armenien","Arménie","Armenia","Armenia","Armênia","Армения","亚美尼亚","アルメニア","أرمينيا"
-5.9,"CG","COG","Congo","Kongo","Congo","Congo","Congo","Congo","Конго","刚果","コンゴ（旧ザイール）","الكونغو"
-5.98,"GL","GRL","Greenland","Grönland","Groenland","Groenlandia","Groenlandia","Groenlândia","Гренландия","格陵兰","グリーンランド","غرينلاند"
-6.25,"TT","TTO","Trinidad and Tobago","Trinidad und Tobago","Trinité-et-Tobago","Trinidad e Tobago","Trinidad y Tobago","Trinidad e Tobago","Тринидад и Тобаго","特立尼达和多巴哥","トリニダード·トバゴ","ترينداد وتوباغو"
-6.26,"LV","LVA","Latvia","Lettland","Lettonie","Lettonia","Letonia","Letônia","Латвия","拉脱维亚","ラトビア","لاتفيا"
-6.27,"LT","LTU","Lithuania","Litauen","Lituanie","Lituania","Lituania","Lituânia","Литва","立陶宛","リトアニア","ليتوانيا"
-6.34,"GU","GUM","Guam","Guam","Guam","Guam","Guam","Guam","Гуам","关岛","グアム","غوام"
-6.75,"FJ","FJI","Fiji","Fidschi","Fidji","Isole Figi","Fiyi","Fiji","Фиджи","斐济","フィジー","فيجي"
-6.81,"TV","TUV","Tuvalu","Tuvalu","Tuvalu","Tuvalu","Tuvalu","Tuvalu","Тувалу","图瓦卢","ツバル","توفالو"
-7.36,"LS","LSO","Lesotho","Lesotho","Lesotho","Lesotho","Lesoto","Lesoto","Лесото","莱索托","レソト","ليسوتو"
-7.67,NA,NA,NA,NA,NA,NA,NA,NA,NA,NA,NA,NA
-8.06,"GY","GUY","Guyana","Guyana","Guyana","Guyana","Guyana","Guiana","Гайана","圭亚那","ガイアナ","غيانا"
-8.15,"PR","PRI","Puerto Rico","Puerto Rico","Porto Rico","Portorico","Puerto Rico","Porto Rico","Пуэрто-Рико","波多黎各","プエルトリコ","بويرتو ريكو"
-8.28,"SV","SLV","El Salvador","El Salvador","El Salvador","El Salvador","El Salvador","El Salvador","Сальвадор","萨尔瓦多","エルサルバドル","السلفادور"
-8.49,"PM","SPM","Saint Pierre and Miquelon","St. Pierre und Miquelon","Saint-Pierre-et-Miquelon","Saint-Pierre e Miquelon","San Pedro y Miquelón","Saint Pierre e Miquelon","Сен-Пье́р и Микело́н","圣皮埃尔和密克隆","サンピエール島·ミクロン島","سان بيار وميكلون"
-8.49,"SO","SOM","Somalia","Somalia","Somalie","Somalia","Somalia","Somália","Сомали","索马里","ソマリア","الصومال"
-8.63,"ST","STP","Sao Tome and Principe","Sao Tome und Principe","Sao Tomé-et-Principe","São Tomé e Príncipe","Santo Tomé y Príncipe","São Tomé e Príncipe","Сан-Томе и Принсипи","圣多美和普林西比","サントメプリンシペ","ساو تومي وبرينسيبي"
-9.17,"VC","VCT","Saint Vincent and The Grenadines","St. Vincent und die Grenadinen","Saint-Vincent-et-les Grenadines","Saint Vincent e Grenadine","San Vicente y las Granadinas","São Vicente e Granadinas","Сент-Винсент и Гренадины","圣文森特和格林纳丁斯","セントビンセントおよびグレナディーン諸島","سانت فنسنت وجزر غرينادين"
-9.67,"MD","MDA","Republic of Moldova","Moldawien","Moldavie","Moldavia","Moldavia","Moldávia","Республика Молдова","摩尔多瓦共和国","モルドバ","مولدافيا"
-9.78,"WS","WSM","Samoa","Samoa","Samoa","Samoa","Samoa","Samoa","Самоа","萨摩亚","サモア","ساموا"
-12.68,"MV","MDV","Maldives","Malediven","Maldives","Maldive","Maldivas","Maldivas","Мальдивские Острова","马尔代夫","モルディブ","جزر المالديف"
-13.24,"JO","JOR","Jordan","Jordanien","Jordanie","Giordania","Jordania","Jordânia","Иордания","约旦","ヨルダン","الأردن"
-13.63,"NR","NRU","Nauru","Nauru","Nauru","Nauru","Naurú","Nauru","Науру","瑙鲁","ナウル","ناورو"
-17.84,"TO","TON","Tonga","Tonga","Tonga","Tonga","Tonga","Tonga","Тонга","汤加","トンガ","تونغا"
-19.79,"SY","SYR","Syrian Arab Republic","Syrien","Syrie","Siria","Siria","Síria","Сирийская Арабская Республика","叙利亚","シリア","سوريا"
-20.93,"FM","FSM","Federated States of Micronesia","Föderierten Staaten von Mikronesien","États fédérés de Micronésie","Micronesia","Micronesia, Estados Federados de","Estados Federados da Micronésia","Микронезия, Федеративные Штаты","密克罗尼西亚","ミクロネシア連邦","ولايات ميكرونيزيا الموحدة"
-21.13,"AS","ASM","American Samoa","Amerikanischen Samoa-Inseln","Samoa Américaines","Samoa americane","Samoa Americana","Samoa Americana","Самоа США","美属萨摩亚","アメリカ領サモア","ساموا الأمريكية"
