"unit","geo","time","values"
"PPS_HAB_EU","AT11",2003,86
"PPS_HAB_EU","AT12",2003,103
"PPS_HAB_EU","AT13",2003,174
"PPS_HAB_EU","AT21",2003,106
"PPS_HAB_EU","AT22",2003,110
"PPS_HAB_EU","AT31",2003,124
"PPS_HAB_EU","AT32",2003,141
"PPS_HAB_EU","AT33",2003,131
"PPS_HAB_EU","AT34",2003,131
"PPS_HAB_EU","BE10",2003,243
"PPS_HAB_EU","BE21",2003,143
"PPS_HAB_EU","BE22",2003,102
"PPS_HAB_EU","BE23",2003,108
"PPS_HAB_EU","BE24",2003,125
"PPS_HAB_EU","BE25",2003,115
"PPS_HAB_EU","BE31",2003,122
"PPS_HAB_EU","BE32",2003,81
"PPS_HAB_EU","BE33",2003,90
"PPS_HAB_EU","BE34",2003,85
"PPS_HAB_EU","BE35",2003,85
"PPS_HAB_EU","BG31",2003,27
"PPS_HAB_EU","BG32",2003,27
"PPS_HAB_EU","BG33",2003,29
"PPS_HAB_EU","BG34",2003,30
"PPS_HAB_EU","BG41",2003,48
"PPS_HAB_EU","BG42",2003,25
"PPS_HAB_EU","CY00",2003,94
"PPS_HAB_EU","CZ01",2003,163
"PPS_HAB_EU","CZ02",2003,74
"PPS_HAB_EU","CZ03",2003,71
"PPS_HAB_EU","CZ04",2003,64
"PPS_HAB_EU","CZ05",2003,66
"PPS_HAB_EU","CZ06",2003,69
"PPS_HAB_EU","CZ07",2003,61
"PPS_HAB_EU","CZ08",2003,59
"PPS_HAB_EU","DE11",2003,151
"PPS_HAB_EU","DE12",2003,134
"PPS_HAB_EU","DE13",2003,113
"PPS_HAB_EU","DE14",2003,121
"PPS_HAB_EU","DE21",2003,171
"PPS_HAB_EU","DE22",2003,107
"PPS_HAB_EU","DE23",2003,111
"PPS_HAB_EU","DE24",2003,101
"PPS_HAB_EU","DE25",2003,125
"PPS_HAB_EU","DE26",2003,115
"PPS_HAB_EU","DE27",2003,114
"PPS_HAB_EU","DE30",2003,110
"PPS_HAB_EU","DE40",2003,79
"PPS_HAB_EU","DE50",2003,160
"PPS_HAB_EU","DE60",2003,211
"PPS_HAB_EU","DE71",2003,172
"PPS_HAB_EU","DE72",2003,106
"PPS_HAB_EU","DE73",2003,115
"PPS_HAB_EU","DE80",2003,76
"PPS_HAB_EU","DE91",2003,112
"PPS_HAB_EU","DE92",2003,113
"PPS_HAB_EU","DE93",2003,82
"PPS_HAB_EU","DE94",2003,99
"PPS_HAB_EU","DEA1",2003,129
"PPS_HAB_EU","DEA2",2003,130
"PPS_HAB_EU","DEA3",2003,100
"PPS_HAB_EU","DEA4",2003,113
"PPS_HAB_EU","DEA5",2003,102
"PPS_HAB_EU","DEB1",2003,100
"PPS_HAB_EU","DEB2",2003,94
"PPS_HAB_EU","DEB3",2003,111
"PPS_HAB_EU","DEC0",2003,107
"PPS_HAB_EU","DED2",2003,87
"PPS_HAB_EU","DED4",2003,77
"PPS_HAB_EU","DED5",2003,87
"PPS_HAB_EU","DEE0",2003,77
"PPS_HAB_EU","DEF0",2003,102
"PPS_HAB_EU","DEG0",2003,77
"PPS_HAB_EU","DK01",2003,147
"PPS_HAB_EU","DK02",2003,90
"PPS_HAB_EU","DK03",2003,112
"PPS_HAB_EU","DK04",2003,116
"PPS_HAB_EU","DK05",2003,111
"PPS_HAB_EU","EE00",2003,52
"PPS_HAB_EU","EL30",2003,120
"PPS_HAB_EU","EL41",2003,72
"PPS_HAB_EU","EL42",2003,104
"PPS_HAB_EU","EL43",2003,85
"PPS_HAB_EU","EL51",2003,70
"PPS_HAB_EU","EL52",2003,75
"PPS_HAB_EU","EL53",2003,86
"PPS_HAB_EU","EL54",2003,72
"PPS_HAB_EU","EL61",2003,76
"PPS_HAB_EU","EL62",2003,94
"PPS_HAB_EU","EL63",2003,72
"PPS_HAB_EU","EL64",2003,94
"PPS_HAB_EU","EL65",2003,76
"PPS_HAB_EU","ES11",2003,80
"PPS_HAB_EU","ES12",2003,85
"PPS_HAB_EU","ES13",2003,93
"PPS_HAB_EU","ES21",2003,122
"PPS_HAB_EU","ES22",2003,124
"PPS_HAB_EU","ES23",2003,109
"PPS_HAB_EU","ES24",2003,107
"PPS_HAB_EU","ES30",2003,132
"PPS_HAB_EU","ES41",2003,91
"PPS_HAB_EU","ES42",2003,80
"PPS_HAB_EU","ES43",2003,65
"PPS_HAB_EU","ES51",2003,120
"PPS_HAB_EU","ES52",2003,94
"PPS_HAB_EU","ES53",2003,115
"PPS_HAB_EU","ES61",2003,76
"PPS_HAB_EU","ES62",2003,84
"PPS_HAB_EU","ES63",2003,87
"PPS_HAB_EU","ES64",2003,86
"PPS_HAB_EU","ES70",2003,96
"PPS_HAB_EU","FI19",2003,102
"PPS_HAB_EU","FI1B",2003,151
"PPS_HAB_EU","FI1C",2003,105
"PPS_HAB_EU","FI1D",2003,92
"PPS_HAB_EU","FI20",2003,147
"PPS_HAB_EU","FR10",2003,171
"PPS_HAB_EU","FR21",2003,101
"PPS_HAB_EU","FR22",2003,91
"PPS_HAB_EU","FR23",2003,101
"PPS_HAB_EU","FR24",2003,99
"PPS_HAB_EU","FR25",2003,93
"PPS_HAB_EU","FR26",2003,97
"PPS_HAB_EU","FR30",2003,89
"PPS_HAB_EU","FR41",2003,92
"PPS_HAB_EU","FR42",2003,108
"PPS_HAB_EU","FR43",2003,97
"PPS_HAB_EU","FR51",2003,102
"PPS_HAB_EU","FR52",2003,97
"PPS_HAB_EU","FR53",2003,94
"PPS_HAB_EU","FR61",2003,101
"PPS_HAB_EU","FR62",2003,99
"PPS_HAB_EU","FR63",2003,92
"PPS_HAB_EU","FR71",2003,111
"PPS_HAB_EU","FR72",2003,94
"PPS_HAB_EU","FR81",2003,87
"PPS_HAB_EU","FR82",2003,104
"PPS_HAB_EU","FR83",2003,85
"PPS_HAB_EU","FRA1",2003,68
"PPS_HAB_EU","FRA2",2003,73
"PPS_HAB_EU","FRA3",2003,56
"PPS_HAB_EU","FRA4",2003,66
"PPS_HAB_EU","FRA5",2003,21
"PPS_HAB_EU","HR03",2003,55
"PPS_HAB_EU","HR04",2003,56
"PPS_HAB_EU","HU10",2003,98
"PPS_HAB_EU","HU21",2003,57
"PPS_HAB_EU","HU22",2003,66
"PPS_HAB_EU","HU23",2003,44
"PPS_HAB_EU","HU31",2003,40
"PPS_HAB_EU","HU32",2003,41
"PPS_HAB_EU","HU33",2003,43
"PPS_HAB_EU","IE01",2003,99
"PPS_HAB_EU","IE02",2003,158
"PPS_HAB_EU","ITC1",2003,122
"PPS_HAB_EU","ITC2",2003,146
"PPS_HAB_EU","ITC3",2003,122
"PPS_HAB_EU","ITC4",2003,148
"PPS_HAB_EU","ITF1",2003,95
"PPS_HAB_EU","ITF2",2003,85
"PPS_HAB_EU","ITF3",2003,75
"PPS_HAB_EU","ITF4",2003,73
"PPS_HAB_EU","ITF5",2003,79
"PPS_HAB_EU","ITF6",2003,67
"PPS_HAB_EU","ITG1",2003,73
"PPS_HAB_EU","ITG2",2003,81
"PPS_HAB_EU","ITH1",2003,148
"PPS_HAB_EU","ITH2",2003,143
"PPS_HAB_EU","ITH3",2003,127
"PPS_HAB_EU","ITH4",2003,119
"PPS_HAB_EU","ITH5",2003,135
"PPS_HAB_EU","ITI1",2003,119
"PPS_HAB_EU","ITI2",2003,108
"PPS_HAB_EU","ITI3",2003,109
"PPS_HAB_EU","ITI4",2003,140
"PPS_HAB_EU","LT00",2003,49
"PPS_HAB_EU","LU00",2003,240
"PPS_HAB_EU","LV00",2003,45
"PPS_HAB_EU","MT00",2003,82
"PPS_HAB_EU","NL11",2003,149
"PPS_HAB_EU","NL12",2003,94
"PPS_HAB_EU","NL13",2003,99
"PPS_HAB_EU","NL21",2003,107
"PPS_HAB_EU","NL22",2003,111
"PPS_HAB_EU","NL23",2003,105
"PPS_HAB_EU","NL31",2003,163
"PPS_HAB_EU","NL32",2003,167
"PPS_HAB_EU","NL33",2003,138
"PPS_HAB_EU","NL34",2003,100
"PPS_HAB_EU","NL41",2003,132
"PPS_HAB_EU","NL42",2003,109
"PPS_HAB_EU","PL11",2003,44
"PPS_HAB_EU","PL12",2003,72
"PPS_HAB_EU","PL21",2003,42
"PPS_HAB_EU","PL22",2003,51
"PPS_HAB_EU","PL31",2003,34
"PPS_HAB_EU","PL32",2003,35
"PPS_HAB_EU","PL33",2003,38
"PPS_HAB_EU","PL34",2003,36
"PPS_HAB_EU","PL41",2003,50
"PPS_HAB_EU","PL42",2003,44
"PPS_HAB_EU","PL43",2003,41
"PPS_HAB_EU","PL51",2003,49
"PPS_HAB_EU","PL52",2003,38
"PPS_HAB_EU","PL61",2003,42
"PPS_HAB_EU","PL62",2003,36
"PPS_HAB_EU","PL63",2003,47
"PPS_HAB_EU","PT11",2003,62
"PPS_HAB_EU","PT15",2003,83
"PPS_HAB_EU","PT16",2003,67
"PPS_HAB_EU","PT17",2003,112
"PPS_HAB_EU","PT18",2003,72
"PPS_HAB_EU","PT20",2003,68
"PPS_HAB_EU","PT30",2003,75
"PPS_HAB_EU","RO11",2003,29
"PPS_HAB_EU","RO12",2003,32
"PPS_HAB_EU","RO21",2003,21
"PPS_HAB_EU","RO22",2003,27
"PPS_HAB_EU","RO31",2003,25
"PPS_HAB_EU","RO32",2003,64
"PPS_HAB_EU","RO41",2003,26
"PPS_HAB_EU","RO42",2003,34
"PPS_HAB_EU","SE11",2003,172
"PPS_HAB_EU","SE12",2003,110
"PPS_HAB_EU","SE21",2003,112
"PPS_HAB_EU","SE22",2003,113
"PPS_HAB_EU","SE23",2003,125
"PPS_HAB_EU","SE31",2003,107
"PPS_HAB_EU","SE32",2003,113
"PPS_HAB_EU","SE33",2003,111
"PPS_HAB_EU","SI03",2003,68
"PPS_HAB_EU","SI04",2003,101
"PPS_HAB_EU","SK01",2003,123
"PPS_HAB_EU","SK02",2003,51
"PPS_HAB_EU","SK03",2003,45
"PPS_HAB_EU","SK04",2003,41
"PPS_HAB_EU","UKC1",2003,84
"PPS_HAB_EU","UKC2",2003,95
"PPS_HAB_EU","UKD1",2003,95
"PPS_HAB_EU","UKD3",2003,107
"PPS_HAB_EU","UKD4",2003,97
"PPS_HAB_EU","UKD6",2003,136
"PPS_HAB_EU","UKD7",2003,94
"PPS_HAB_EU","UKE1",2003,99
"PPS_HAB_EU","UKE2",2003,118
"PPS_HAB_EU","UKE3",2003,89
"PPS_HAB_EU","UKE4",2003,107
"PPS_HAB_EU","UKF1",2003,97
"PPS_HAB_EU","UKF2",2003,111
"PPS_HAB_EU","UKF3",2003,97
"PPS_HAB_EU","UKG1",2003,107
"PPS_HAB_EU","UKG2",2003,95
"PPS_HAB_EU","UKG3",2003,109
"PPS_HAB_EU","UKH1",2003,116
"PPS_HAB_EU","UKH2",2003,138
"PPS_HAB_EU","UKH3",2003,109
"PPS_HAB_EU","UKI3",2003,520
"PPS_HAB_EU","UKI4",2003,198
"PPS_HAB_EU","UKI5",2003,94
"PPS_HAB_EU","UKI6",2003,118
"PPS_HAB_EU","UKI7",2003,141
"PPS_HAB_EU","UKJ1",2003,175
"PPS_HAB_EU","UKJ2",2003,133
"PPS_HAB_EU","UKJ3",2003,124
"PPS_HAB_EU","UKJ4",2003,103
"PPS_HAB_EU","UKK1",2003,130
"PPS_HAB_EU","UKK2",2003,101
"PPS_HAB_EU","UKK3",2003,90
"PPS_HAB_EU","UKK4",2003,96
"PPS_HAB_EU","UKL1",2003,74
"PPS_HAB_EU","UKL2",2003,110
"PPS_HAB_EU","UKM2",2003,116
"PPS_HAB_EU","UKM3",2003,103
"PPS_HAB_EU","UKM5",2003,142
"PPS_HAB_EU","UKM6",2003,101
"PPS_HAB_EU","UKN0",2003,99
"PPS_HAB_EU","AT11",2004,87
"PPS_HAB_EU","AT12",2004,105
"PPS_HAB_EU","AT13",2004,171
"PPS_HAB_EU","AT21",2004,107
"PPS_HAB_EU","AT22",2004,111
"PPS_HAB_EU","AT31",2004,124
"PPS_HAB_EU","AT32",2004,142
"PPS_HAB_EU","AT33",2004,130
"PPS_HAB_EU","AT34",2004,131
"PPS_HAB_EU","BE10",2004,237
"PPS_HAB_EU","BE21",2004,142
"PPS_HAB_EU","BE22",2004,99
"PPS_HAB_EU","BE23",2004,107
"PPS_HAB_EU","BE24",2004,124
"PPS_HAB_EU","BE25",2004,112
"PPS_HAB_EU","BE31",2004,124
"PPS_HAB_EU","BE32",2004,79
"PPS_HAB_EU","BE33",2004,88
"PPS_HAB_EU","BE34",2004,82
"PPS_HAB_EU","BE35",2004,84
"PPS_HAB_EU","BG31",2004,27
"PPS_HAB_EU","BG32",2004,27
"PPS_HAB_EU","BG33",2004,30
"PPS_HAB_EU","BG34",2004,32
"PPS_HAB_EU","BG41",2004,51
"PPS_HAB_EU","BG42",2004,27
"PPS_HAB_EU","CY00",2004,97
"PPS_HAB_EU","CZ01",2004,166
"PPS_HAB_EU","CZ02",2004,76
"PPS_HAB_EU","CZ03",2004,73
"PPS_HAB_EU","CZ04",2004,64
"PPS_HAB_EU","CZ05",2004,66
"PPS_HAB_EU","CZ06",2004,69
"PPS_HAB_EU","CZ07",2004,62
"PPS_HAB_EU","CZ08",2004,64
"PPS_HAB_EU","DE11",2004,148
"PPS_HAB_EU","DE12",2004,132
"PPS_HAB_EU","DE13",2004,112
"PPS_HAB_EU","DE14",2004,121
"PPS_HAB_EU","DE21",2004,172
"PPS_HAB_EU","DE22",2004,109
"PPS_HAB_EU","DE23",2004,111
"PPS_HAB_EU","DE24",2004,102
"PPS_HAB_EU","DE25",2004,127
"PPS_HAB_EU","DE26",2004,115
"PPS_HAB_EU","DE27",2004,114
"PPS_HAB_EU","DE30",2004,107
"PPS_HAB_EU","DE40",2004,79
"PPS_HAB_EU","DE50",2004,158
"PPS_HAB_EU","DE60",2004,210
"PPS_HAB_EU","DE71",2004,170
"PPS_HAB_EU","DE72",2004,107
"PPS_HAB_EU","DE73",2004,112
"PPS_HAB_EU","DE80",2004,76
"PPS_HAB_EU","DE91",2004,113
"PPS_HAB_EU","DE92",2004,111
"PPS_HAB_EU","DE93",2004,82
"PPS_HAB_EU","DE94",2004,101
"PPS_HAB_EU","DEA1",2004,129
"PPS_HAB_EU","DEA2",2004,129
"PPS_HAB_EU","DEA3",2004,102
"PPS_HAB_EU","DEA4",2004,112
"PPS_HAB_EU","DEA5",2004,103
"PPS_HAB_EU","DEB1",2004,100
"PPS_HAB_EU","DEB2",2004,95
"PPS_HAB_EU","DEB3",2004,112
"PPS_HAB_EU","DEC0",2004,110
"PPS_HAB_EU","DED2",2004,88
"PPS_HAB_EU","DED4",2004,78
"PPS_HAB_EU","DED5",2004,87
"PPS_HAB_EU","DEE0",2004,78
"PPS_HAB_EU","DEF0",2004,102
"PPS_HAB_EU","DEG0",2004,78
"PPS_HAB_EU","DK01",2004,151
"PPS_HAB_EU","DK02",2004,91
"PPS_HAB_EU","DK03",2004,112
"PPS_HAB_EU","DK04",2004,115
"PPS_HAB_EU","DK05",2004,108
"PPS_HAB_EU","EE00",2004,55
"PPS_HAB_EU","EL30",2004,125
"PPS_HAB_EU","EL41",2004,72
"PPS_HAB_EU","EL42",2004,106
"PPS_HAB_EU","EL43",2004,87
"PPS_HAB_EU","EL51",2004,69
"PPS_HAB_EU","EL52",2004,77
"PPS_HAB_EU","EL53",2004,86
"PPS_HAB_EU","EL54",2004,70
"PPS_HAB_EU","EL61",2004,76
"PPS_HAB_EU","EL62",2004,94
"PPS_HAB_EU","EL63",2004,73
"PPS_HAB_EU","EL64",2004,91
"PPS_HAB_EU","EL65",2004,75
"PPS_HAB_EU","ES11",2004,81
"PPS_HAB_EU","ES12",2004,86
"PPS_HAB_EU","ES13",2004,93
"PPS_HAB_EU","ES21",2004,123
"PPS_HAB_EU","ES22",2004,124
"PPS_HAB_EU","ES23",2004,107
"PPS_HAB_EU","ES24",2004,107
"PPS_HAB_EU","ES30",2004,131
"PPS_HAB_EU","ES41",2004,92
"PPS_HAB_EU","ES42",2004,79
"PPS_HAB_EU","ES43",2004,65
"PPS_HAB_EU","ES51",2004,119
"PPS_HAB_EU","ES52",2004,92
"PPS_HAB_EU","ES53",2004,113
"PPS_HAB_EU","ES61",2004,77
"PPS_HAB_EU","ES62",2004,83
"PPS_HAB_EU","ES63",2004,87
"PPS_HAB_EU","ES64",2004,87
"PPS_HAB_EU","ES70",2004,93
"PPS_HAB_EU","FI19",2004,103
"PPS_HAB_EU","FI1B",2004,155
"PPS_HAB_EU","FI1C",2004,109
"PPS_HAB_EU","FI1D",2004,95
"PPS_HAB_EU","FI20",2004,149
"PPS_HAB_EU","FR10",2004,167
"PPS_HAB_EU","FR21",2004,103
"PPS_HAB_EU","FR22",2004,89
"PPS_HAB_EU","FR23",2004,99
"PPS_HAB_EU","FR24",2004,98
"PPS_HAB_EU","FR25",2004,93
"PPS_HAB_EU","FR26",2004,96
"PPS_HAB_EU","FR30",2004,88
"PPS_HAB_EU","FR41",2004,92
"PPS_HAB_EU","FR42",2004,105
"PPS_HAB_EU","FR43",2004,95
"PPS_HAB_EU","FR51",2004,100
"PPS_HAB_EU","FR52",2004,97
"PPS_HAB_EU","FR53",2004,92
"PPS_HAB_EU","FR61",2004,99
"PPS_HAB_EU","FR62",2004,98
"PPS_HAB_EU","FR63",2004,89
"PPS_HAB_EU","FR71",2004,111
"PPS_HAB_EU","FR72",2004,93
"PPS_HAB_EU","FR81",2004,86
"PPS_HAB_EU","FR82",2004,103
"PPS_HAB_EU","FR83",2004,83
"PPS_HAB_EU","FRA1",2004,67
"PPS_HAB_EU","FRA2",2004,73
"PPS_HAB_EU","FRA3",2004,53
"PPS_HAB_EU","FRA4",2004,65
"PPS_HAB_EU","FRA5",2004,22
"PPS_HAB_EU","HR03",2004,57
"PPS_HAB_EU","HR04",2004,57
"PPS_HAB_EU","HU10",2004,99
"PPS_HAB_EU","HU21",2004,58
"PPS_HAB_EU","HU22",2004,64
"PPS_HAB_EU","HU23",2004,44
"PPS_HAB_EU","HU31",2004,40
"PPS_HAB_EU","HU32",2004,41
"PPS_HAB_EU","HU33",2004,43
"PPS_HAB_EU","IE01",2004,104
"PPS_HAB_EU","IE02",2004,158
"PPS_HAB_EU","ITC1",2004,118
"PPS_HAB_EU","ITC2",2004,139
"PPS_HAB_EU","ITC3",2004,118
"PPS_HAB_EU","ITC4",2004,141
"PPS_HAB_EU","ITF1",2004,88
"PPS_HAB_EU","ITF2",2004,82
"PPS_HAB_EU","ITF3",2004,72
"PPS_HAB_EU","ITF4",2004,70
"PPS_HAB_EU","ITF5",2004,76
"PPS_HAB_EU","ITF6",2004,66
"PPS_HAB_EU","ITG1",2004,70
"PPS_HAB_EU","ITG2",2004,79
"PPS_HAB_EU","ITH1",2004,145
"PPS_HAB_EU","ITH2",2004,136
"PPS_HAB_EU","ITH3",2004,123
"PPS_HAB_EU","ITH4",2004,115
"PPS_HAB_EU","ITH5",2004,130
"PPS_HAB_EU","ITI1",2004,114
"PPS_HAB_EU","ITI2",2004,104
"PPS_HAB_EU","ITI3",2004,105
"PPS_HAB_EU","ITI4",2004,138
"PPS_HAB_EU","LT00",2004,50
"PPS_HAB_EU","LU00",2004,246
"PPS_HAB_EU","LV00",2004,47
"PPS_HAB_EU","MT00",2004,80
"PPS_HAB_EU","NL11",2004,148
"PPS_HAB_EU","NL12",2004,92
"PPS_HAB_EU","NL13",2004,97
"PPS_HAB_EU","NL21",2004,107
"PPS_HAB_EU","NL22",2004,111
"PPS_HAB_EU","NL23",2004,105
"PPS_HAB_EU","NL31",2004,162
"PPS_HAB_EU","NL32",2004,168
"PPS_HAB_EU","NL33",2004,138
"PPS_HAB_EU","NL34",2004,99
"PPS_HAB_EU","NL41",2004,133
"PPS_HAB_EU","NL42",2004,110
"PPS_HAB_EU","PL11",2004,45
"PPS_HAB_EU","PL12",2004,74
"PPS_HAB_EU","PL21",2004,43
"PPS_HAB_EU","PL22",2004,55
"PPS_HAB_EU","PL31",2004,35
"PPS_HAB_EU","PL32",2004,36
"PPS_HAB_EU","PL33",2004,39
"PPS_HAB_EU","PL34",2004,36
"PPS_HAB_EU","PL41",2004,53
"PPS_HAB_EU","PL42",2004,44
"PPS_HAB_EU","PL43",2004,44
"PPS_HAB_EU","PL51",2004,50
"PPS_HAB_EU","PL52",2004,42
"PPS_HAB_EU","PL61",2004,43
"PPS_HAB_EU","PL62",2004,37
"PPS_HAB_EU","PL63",2004,48
"PPS_HAB_EU","PT11",2004,60
"PPS_HAB_EU","PT15",2004,80
"PPS_HAB_EU","PT16",2004,66
"PPS_HAB_EU","PT17",2004,110
"PPS_HAB_EU","PT18",2004,71
"PPS_HAB_EU","PT20",2004,67
"PPS_HAB_EU","PT30",2004,76
"PPS_HAB_EU","RO11",2004,32
"PPS_HAB_EU","RO12",2004,33
"PPS_HAB_EU","RO21",2004,22
"PPS_HAB_EU","RO22",2004,30
"PPS_HAB_EU","RO31",2004,28
"PPS_HAB_EU","RO32",2004,70
"PPS_HAB_EU","RO41",2004,28
"PPS_HAB_EU","RO42",2004,37
"PPS_HAB_EU","SE11",2004,179
"PPS_HAB_EU","SE12",2004,112
"PPS_HAB_EU","SE21",2004,113
"PPS_HAB_EU","SE22",2004,114
"PPS_HAB_EU","SE23",2004,124
"PPS_HAB_EU","SE31",2004,110
"PPS_HAB_EU","SE32",2004,115
"PPS_HAB_EU","SE33",2004,116
"PPS_HAB_EU","SI03",2004,70
"PPS_HAB_EU","SI04",2004,104
"PPS_HAB_EU","SK01",2004,127
"PPS_HAB_EU","SK02",2004,53
"PPS_HAB_EU","SK03",2004,46
"PPS_HAB_EU","SK04",2004,42
"PPS_HAB_EU","UKC1",2004,88
"PPS_HAB_EU","UKC2",2004,99
"PPS_HAB_EU","UKD1",2004,102
"PPS_HAB_EU","UKD3",2004,111
"PPS_HAB_EU","UKD4",2004,101
"PPS_HAB_EU","UKD6",2004,135
"PPS_HAB_EU","UKD7",2004,96
"PPS_HAB_EU","UKE1",2004,102
"PPS_HAB_EU","UKE2",2004,120
"PPS_HAB_EU","UKE3",2004,92
"PPS_HAB_EU","UKE4",2004,109
"PPS_HAB_EU","UKF1",2004,98
"PPS_HAB_EU","UKF2",2004,112
"PPS_HAB_EU","UKF3",2004,91
"PPS_HAB_EU","UKG1",2004,111
"PPS_HAB_EU","UKG2",2004,98
"PPS_HAB_EU","UKG3",2004,109
"PPS_HAB_EU","UKH1",2004,117
"PPS_HAB_EU","UKH2",2004,137
"PPS_HAB_EU","UKH3",2004,108
"PPS_HAB_EU","UKI3",2004,533
"PPS_HAB_EU","UKI4",2004,203
"PPS_HAB_EU","UKI5",2004,94
"PPS_HAB_EU","UKI6",2004,119
"PPS_HAB_EU","UKI7",2004,139
"PPS_HAB_EU","UKJ1",2004,172
"PPS_HAB_EU","UKJ2",2004,129
"PPS_HAB_EU","UKJ3",2004,125
"PPS_HAB_EU","UKJ4",2004,104
"PPS_HAB_EU","UKK1",2004,131
"PPS_HAB_EU","UKK2",2004,102
"PPS_HAB_EU","UKK3",2004,87
"PPS_HAB_EU","UKK4",2004,101
"PPS_HAB_EU","UKL1",2004,77
"PPS_HAB_EU","UKL2",2004,113
"PPS_HAB_EU","UKM2",2004,120
"PPS_HAB_EU","UKM3",2004,106
"PPS_HAB_EU","UKM5",2004,144
"PPS_HAB_EU","UKM6",2004,108
"PPS_HAB_EU","UKN0",2004,99
"PPS_HAB_EU","AT11",2005,83
"PPS_HAB_EU","AT12",2005,101
"PPS_HAB_EU","AT13",2005,166
"PPS_HAB_EU","AT21",2005,105
"PPS_HAB_EU","AT22",2005,110
"PPS_HAB_EU","AT31",2005,123
"PPS_HAB_EU","AT32",2005,139
"PPS_HAB_EU","AT33",2005,130
"PPS_HAB_EU","AT34",2005,129
"PPS_HAB_EU","BE10",2005,235
"PPS_HAB_EU","BE21",2005,142
"PPS_HAB_EU","BE22",2005,95
"PPS_HAB_EU","BE23",2005,104
"PPS_HAB_EU","BE24",2005,122
"PPS_HAB_EU","BE25",2005,110
"PPS_HAB_EU","BE31",2005,123
"PPS_HAB_EU","BE32",2005,78
"PPS_HAB_EU","BE33",2005,86
"PPS_HAB_EU","BE34",2005,81
"PPS_HAB_EU","BE35",2005,82
"PPS_HAB_EU","BG31",2005,27
"PPS_HAB_EU","BG32",2005,28
"PPS_HAB_EU","BG33",2005,32
"PPS_HAB_EU","BG34",2005,34
"PPS_HAB_EU","BG41",2005,54
"PPS_HAB_EU","BG42",2005,28
"PPS_HAB_EU","CY00",2005,99
"PPS_HAB_EU","CZ01",2005,171
"PPS_HAB_EU","CZ02",2005,74
"PPS_HAB_EU","CZ03",2005,74
"PPS_HAB_EU","CZ04",2005,64
"PPS_HAB_EU","CZ05",2005,67
"PPS_HAB_EU","CZ06",2005,70
"PPS_HAB_EU","CZ07",2005,62
"PPS_HAB_EU","CZ08",2005,67
"PPS_HAB_EU","DE11",2005,146
"PPS_HAB_EU","DE12",2005,133
"PPS_HAB_EU","DE13",2005,112
"PPS_HAB_EU","DE14",2005,122
"PPS_HAB_EU","DE21",2005,172
"PPS_HAB_EU","DE22",2005,109
"PPS_HAB_EU","DE23",2005,113
"PPS_HAB_EU","DE24",2005,101
"PPS_HAB_EU","DE25",2005,125
"PPS_HAB_EU","DE26",2005,117
"PPS_HAB_EU","DE27",2005,115
"PPS_HAB_EU","DE30",2005,108
"PPS_HAB_EU","DE40",2005,80
"PPS_HAB_EU","DE50",2005,159
"PPS_HAB_EU","DE60",2005,212
"PPS_HAB_EU","DE71",2005,169
"PPS_HAB_EU","DE72",2005,107
"PPS_HAB_EU","DE73",2005,112
"PPS_HAB_EU","DE80",2005,76
"PPS_HAB_EU","DE91",2005,115
"PPS_HAB_EU","DE92",2005,115
"PPS_HAB_EU","DE93",2005,81
"PPS_HAB_EU","DE94",2005,100
"PPS_HAB_EU","DEA1",2005,129
"PPS_HAB_EU","DEA2",2005,128
"PPS_HAB_EU","DEA3",2005,103
"PPS_HAB_EU","DEA4",2005,114
"PPS_HAB_EU","DEA5",2005,105
"PPS_HAB_EU","DEB1",2005,100
"PPS_HAB_EU","DEB2",2005,94
"PPS_HAB_EU","DEB3",2005,111
"PPS_HAB_EU","DEC0",2005,115
"PPS_HAB_EU","DED2",2005,87
"PPS_HAB_EU","DED4",2005,78
"PPS_HAB_EU","DED5",2005,86
"PPS_HAB_EU","DEE0",2005,78
"PPS_HAB_EU","DEF0",2005,101
"PPS_HAB_EU","DEG0",2005,77
"PPS_HAB_EU","DK01",2005,152
"PPS_HAB_EU","DK02",2005,88
"PPS_HAB_EU","DK03",2005,106
"PPS_HAB_EU","DK04",2005,110
"PPS_HAB_EU","DK05",2005,104
"PPS_HAB_EU","EE00",2005,59
"PPS_HAB_EU","EL30",2005,120
"PPS_HAB_EU","EL41",2005,71
"PPS_HAB_EU","EL42",2005,104
"PPS_HAB_EU","EL43",2005,82
"PPS_HAB_EU","EL51",2005,66
"PPS_HAB_EU","EL52",2005,72
"PPS_HAB_EU","EL53",2005,83
"PPS_HAB_EU","EL54",2005,66
"PPS_HAB_EU","EL61",2005,69
"PPS_HAB_EU","EL62",2005,92
"PPS_HAB_EU","EL63",2005,70
"PPS_HAB_EU","EL64",2005,88
"PPS_HAB_EU","EL65",2005,72
"PPS_HAB_EU","ES11",2005,83
"PPS_HAB_EU","ES12",2005,88
"PPS_HAB_EU","ES13",2005,94
"PPS_HAB_EU","ES21",2005,125
"PPS_HAB_EU","ES22",2005,125
"PPS_HAB_EU","ES23",2005,107
"PPS_HAB_EU","ES24",2005,108
"PPS_HAB_EU","ES30",2005,132
"PPS_HAB_EU","ES41",2005,92
"PPS_HAB_EU","ES42",2005,81
"PPS_HAB_EU","ES43",2005,67
"PPS_HAB_EU","ES51",2005,118
"PPS_HAB_EU","ES52",2005,92
"PPS_HAB_EU","ES53",2005,111
"PPS_HAB_EU","ES61",2005,78
"PPS_HAB_EU","ES62",2005,84
"PPS_HAB_EU","ES63",2005,87
"PPS_HAB_EU","ES64",2005,86
"PPS_HAB_EU","ES70",2005,92
"PPS_HAB_EU","FI19",2005,103
"PPS_HAB_EU","FI1B",2005,153
"PPS_HAB_EU","FI1C",2005,106
"PPS_HAB_EU","FI1D",2005,93
"PPS_HAB_EU","FI20",2005,145
"PPS_HAB_EU","FR10",2005,168
"PPS_HAB_EU","FR21",2005,101
"PPS_HAB_EU","FR22",2005,88
"PPS_HAB_EU","FR23",2005,99
"PPS_HAB_EU","FR24",2005,97
"PPS_HAB_EU","FR25",2005,92
"PPS_HAB_EU","FR26",2005,95
"PPS_HAB_EU","FR30",2005,88
"PPS_HAB_EU","FR41",2005,91
"PPS_HAB_EU","FR42",2005,103
"PPS_HAB_EU","FR43",2005,93
"PPS_HAB_EU","FR51",2005,99
"PPS_HAB_EU","FR52",2005,98
"PPS_HAB_EU","FR53",2005,91
"PPS_HAB_EU","FR61",2005,99
"PPS_HAB_EU","FR62",2005,99
"PPS_HAB_EU","FR63",2005,90
"PPS_HAB_EU","FR71",2005,110
"PPS_HAB_EU","FR72",2005,93
"PPS_HAB_EU","FR81",2005,85
"PPS_HAB_EU","FR82",2005,104
"PPS_HAB_EU","FR83",2005,84
"PPS_HAB_EU","FRA1",2005,68
"PPS_HAB_EU","FRA2",2005,74
"PPS_HAB_EU","FRA3",2005,54
"PPS_HAB_EU","FRA4",2005,67
"PPS_HAB_EU","FRA5",2005,23
"PPS_HAB_EU","HR03",2005,57
"PPS_HAB_EU","HR04",2005,58
"PPS_HAB_EU","HU10",2005,101
"PPS_HAB_EU","HU21",2005,59
"PPS_HAB_EU","HU22",2005,62
"PPS_HAB_EU","HU23",2005,43
"PPS_HAB_EU","HU31",2005,41
"PPS_HAB_EU","HU32",2005,40
"PPS_HAB_EU","HU33",2005,43
"PPS_HAB_EU","IE01",2005,101
"PPS_HAB_EU","IE02",2005,162
"PPS_HAB_EU","ITC1",2005,116
"PPS_HAB_EU","ITC2",2005,137
"PPS_HAB_EU","ITC3",2005,116
"PPS_HAB_EU","ITC4",2005,138
"PPS_HAB_EU","ITF1",2005,89
"PPS_HAB_EU","ITF2",2005,81
"PPS_HAB_EU","ITF3",2005,70
"PPS_HAB_EU","ITF4",2005,68
"PPS_HAB_EU","ITF5",2005,74
"PPS_HAB_EU","ITF6",2005,66
"PPS_HAB_EU","ITG1",2005,70
"PPS_HAB_EU","ITG2",2005,78
"PPS_HAB_EU","ITH1",2005,141
"PPS_HAB_EU","ITH2",2005,132
"PPS_HAB_EU","ITH3",2005,120
"PPS_HAB_EU","ITH4",2005,115
"PPS_HAB_EU","ITH5",2005,127
"PPS_HAB_EU","ITI1",2005,112
"PPS_HAB_EU","ITI2",2005,101
"PPS_HAB_EU","ITI3",2005,103
"PPS_HAB_EU","ITI4",2005,135
"PPS_HAB_EU","LT00",2005,53
"PPS_HAB_EU","LU00",2005,241
"PPS_HAB_EU","LV00",2005,51
"PPS_HAB_EU","MT00",2005,81
"PPS_HAB_EU","NL11",2005,155
"PPS_HAB_EU","NL12",2005,94
"PPS_HAB_EU","NL13",2005,99
"PPS_HAB_EU","NL21",2005,107
"PPS_HAB_EU","NL22",2005,110
"PPS_HAB_EU","NL23",2005,105
"PPS_HAB_EU","NL31",2005,161
"PPS_HAB_EU","NL32",2005,167
"PPS_HAB_EU","NL33",2005,140
"PPS_HAB_EU","NL34",2005,98
"PPS_HAB_EU","NL41",2005,134
"PPS_HAB_EU","NL42",2005,109
"PPS_HAB_EU","PL11",2005,46
"PPS_HAB_EU","PL12",2005,76
"PPS_HAB_EU","PL21",2005,44
"PPS_HAB_EU","PL22",2005,54
"PPS_HAB_EU","PL31",2005,35
"PPS_HAB_EU","PL32",2005,36
"PPS_HAB_EU","PL33",2005,38
"PPS_HAB_EU","PL34",2005,37
"PPS_HAB_EU","PL41",2005,54
"PPS_HAB_EU","PL42",2005,45
"PPS_HAB_EU","PL43",2005,45
"PPS_HAB_EU","PL51",2005,51
"PPS_HAB_EU","PL52",2005,41
"PPS_HAB_EU","PL61",2005,43
"PPS_HAB_EU","PL62",2005,37
"PPS_HAB_EU","PL63",2005,49
"PPS_HAB_EU","PT11",2005,62
"PPS_HAB_EU","PT15",2005,84
"PPS_HAB_EU","PT16",2005,68
"PPS_HAB_EU","PT17",2005,114
"PPS_HAB_EU","PT18",2005,73
"PPS_HAB_EU","PT20",2005,70
"PPS_HAB_EU","PT30",2005,79
"PPS_HAB_EU","RO11",2005,32
"PPS_HAB_EU","RO12",2005,33
"PPS_HAB_EU","RO21",2005,22
"PPS_HAB_EU","RO22",2005,30
"PPS_HAB_EU","RO31",2005,28
"PPS_HAB_EU","RO32",2005,80
"PPS_HAB_EU","RO41",2005,26
"PPS_HAB_EU","RO42",2005,38
"PPS_HAB_EU","SE11",2005,173
"PPS_HAB_EU","SE12",2005,107
"PPS_HAB_EU","SE21",2005,104
"PPS_HAB_EU","SE22",2005,109
"PPS_HAB_EU","SE23",2005,119
"PPS_HAB_EU","SE31",2005,105
"PPS_HAB_EU","SE32",2005,111
"PPS_HAB_EU","SE33",2005,113
"PPS_HAB_EU","SI03",2005,70
"PPS_HAB_EU","SI04",2005,104
"PPS_HAB_EU","SK01",2005,144
"PPS_HAB_EU","SK02",2005,56
"PPS_HAB_EU","SK03",2005,46
"PPS_HAB_EU","SK04",2005,42
"PPS_HAB_EU","UKC1",2005,85
"PPS_HAB_EU","UKC2",2005,102
"PPS_HAB_EU","UKD1",2005,94
"PPS_HAB_EU","UKD3",2005,109
"PPS_HAB_EU","UKD4",2005,99
"PPS_HAB_EU","UKD6",2005,137
"PPS_HAB_EU","UKD7",2005,94
"PPS_HAB_EU","UKE1",2005,100
"PPS_HAB_EU","UKE2",2005,116
"PPS_HAB_EU","UKE3",2005,90
"PPS_HAB_EU","UKE4",2005,109
"PPS_HAB_EU","UKF1",2005,101
"PPS_HAB_EU","UKF2",2005,111
"PPS_HAB_EU","UKF3",2005,88
"PPS_HAB_EU","UKG1",2005,108
"PPS_HAB_EU","UKG2",2005,96
"PPS_HAB_EU","UKG3",2005,108
"PPS_HAB_EU","UKH1",2005,115
"PPS_HAB_EU","UKH2",2005,139
"PPS_HAB_EU","UKH3",2005,104
"PPS_HAB_EU","UKI3",2005,551
"PPS_HAB_EU","UKI4",2005,211
"PPS_HAB_EU","UKI5",2005,93
"PPS_HAB_EU","UKI6",2005,117
"PPS_HAB_EU","UKI7",2005,137
"PPS_HAB_EU","UKJ1",2005,171
"PPS_HAB_EU","UKJ2",2005,126
"PPS_HAB_EU","UKJ3",2005,123
"PPS_HAB_EU","UKJ4",2005,105
"PPS_HAB_EU","UKK1",2005,128
"PPS_HAB_EU","UKK2",2005,103
"PPS_HAB_EU","UKK3",2005,86
"PPS_HAB_EU","UKK4",2005,99
"PPS_HAB_EU","UKL1",2005,78
"PPS_HAB_EU","UKL2",2005,110
"PPS_HAB_EU","UKM2",2005,117
"PPS_HAB_EU","UKM3",2005,108
"PPS_HAB_EU","UKM5",2005,145
"PPS_HAB_EU","UKM6",2005,110
"PPS_HAB_EU","UKN0",2005,100
"PPS_HAB_EU","AT11",2006,81
"PPS_HAB_EU","AT12",2006,101
"PPS_HAB_EU","AT13",2006,165
"PPS_HAB_EU","AT21",2006,105
"PPS_HAB_EU","AT22",2006,110
"PPS_HAB_EU","AT31",2006,123
"PPS_HAB_EU","AT32",2006,141
"PPS_HAB_EU","AT33",2006,131
"PPS_HAB_EU","AT34",2006,128
"PPS_HAB_EU","BE10",2006,224
"PPS_HAB_EU","BE21",2006,138
"PPS_HAB_EU","BE22",2006,95
"PPS_HAB_EU","BE23",2006,103
"PPS_HAB_EU","BE24",2006,122
"PPS_HAB_EU","BE25",2006,110
"PPS_HAB_EU","BE31",2006,120
"PPS_HAB_EU","BE32",2006,76
"PPS_HAB_EU","BE33",2006,85
"PPS_HAB_EU","BE34",2006,81
"PPS_HAB_EU","BE35",2006,82
"PPS_HAB_EU","BG31",2006,26
"PPS_HAB_EU","BG32",2006,28
"PPS_HAB_EU","BG33",2006,33
"PPS_HAB_EU","BG34",2006,33
"PPS_HAB_EU","BG41",2006,60
"PPS_HAB_EU","BG42",2006,28
"PPS_HAB_EU","CY00",2006,99
"PPS_HAB_EU","CZ01",2006,173
"PPS_HAB_EU","CZ02",2006,76
"PPS_HAB_EU","CZ03",2006,75
"PPS_HAB_EU","CZ04",2006,64
"PPS_HAB_EU","CZ05",2006,67
"PPS_HAB_EU","CZ06",2006,71
"PPS_HAB_EU","CZ07",2006,62
"PPS_HAB_EU","CZ08",2006,66
"PPS_HAB_EU","DE11",2006,149
"PPS_HAB_EU","DE12",2006,134
"PPS_HAB_EU","DE13",2006,113
"PPS_HAB_EU","DE14",2006,122
"PPS_HAB_EU","DE21",2006,170
"PPS_HAB_EU","DE22",2006,108
"PPS_HAB_EU","DE23",2006,112
"PPS_HAB_EU","DE24",2006,103
"PPS_HAB_EU","DE25",2006,123
"PPS_HAB_EU","DE26",2006,116
"PPS_HAB_EU","DE27",2006,115
"PPS_HAB_EU","DE30",2006,107
"PPS_HAB_EU","DE40",2006,80
"PPS_HAB_EU","DE50",2006,159
"PPS_HAB_EU","DE60",2006,205
"PPS_HAB_EU","DE71",2006,167
"PPS_HAB_EU","DE72",2006,106
"PPS_HAB_EU","DE73",2006,111
"PPS_HAB_EU","DE80",2006,76
"PPS_HAB_EU","DE91",2006,114
"PPS_HAB_EU","DE92",2006,116
"PPS_HAB_EU","DE93",2006,81
"PPS_HAB_EU","DE94",2006,100
"PPS_HAB_EU","DEA1",2006,127
"PPS_HAB_EU","DEA2",2006,127
"PPS_HAB_EU","DEA3",2006,103
"PPS_HAB_EU","DEA4",2006,113
"PPS_HAB_EU","DEA5",2006,104
"PPS_HAB_EU","DEB1",2006,100
"PPS_HAB_EU","DEB2",2006,93
"PPS_HAB_EU","DEB3",2006,110
"PPS_HAB_EU","DEC0",2006,115
"PPS_HAB_EU","DED2",2006,86
"PPS_HAB_EU","DED4",2006,79
"PPS_HAB_EU","DED5",2006,88
"PPS_HAB_EU","DEE0",2006,79
"PPS_HAB_EU","DEF0",2006,100
"PPS_HAB_EU","DEG0",2006,78
"PPS_HAB_EU","DK01",2006,148
"PPS_HAB_EU","DK02",2006,88
"PPS_HAB_EU","DK03",2006,109
"PPS_HAB_EU","DK04",2006,113
"PPS_HAB_EU","DK05",2006,106
"PPS_HAB_EU","EE00",2006,64
"PPS_HAB_EU","EL30",2006,124
"PPS_HAB_EU","EL41",2006,73
"PPS_HAB_EU","EL42",2006,104
"PPS_HAB_EU","EL43",2006,84
"PPS_HAB_EU","EL51",2006,64
"PPS_HAB_EU","EL52",2006,74
"PPS_HAB_EU","EL53",2006,81
"PPS_HAB_EU","EL54",2006,66
"PPS_HAB_EU","EL61",2006,72
"PPS_HAB_EU","EL62",2006,92
"PPS_HAB_EU","EL63",2006,73
"PPS_HAB_EU","EL64",2006,87
"PPS_HAB_EU","EL65",2006,74
"PPS_HAB_EU","ES11",2006,86
"PPS_HAB_EU","ES12",2006,92
"PPS_HAB_EU","ES13",2006,96
"PPS_HAB_EU","ES21",2006,129
"PPS_HAB_EU","ES22",2006,127
"PPS_HAB_EU","ES23",2006,110
"PPS_HAB_EU","ES24",2006,110
"PPS_HAB_EU","ES30",2006,136
"PPS_HAB_EU","ES41",2006,94
"PPS_HAB_EU","ES42",2006,82
"PPS_HAB_EU","ES43",2006,68
"PPS_HAB_EU","ES51",2006,121
"PPS_HAB_EU","ES52",2006,94
"PPS_HAB_EU","ES53",2006,112
"PPS_HAB_EU","ES61",2006,79
"PPS_HAB_EU","ES62",2006,86
"PPS_HAB_EU","ES63",2006,88
"PPS_HAB_EU","ES64",2006,86
"PPS_HAB_EU","ES70",2006,92
"PPS_HAB_EU","FI19",2006,101
"PPS_HAB_EU","FI1B",2006,153
"PPS_HAB_EU","FI1C",2006,104
"PPS_HAB_EU","FI1D",2006,93
"PPS_HAB_EU","FI20",2006,140
"PPS_HAB_EU","FR10",2006,164
"PPS_HAB_EU","FR21",2006,98
"PPS_HAB_EU","FR22",2006,85
"PPS_HAB_EU","FR23",2006,96
"PPS_HAB_EU","FR24",2006,95
"PPS_HAB_EU","FR25",2006,90
"PPS_HAB_EU","FR26",2006,93
"PPS_HAB_EU","FR30",2006,87
"PPS_HAB_EU","FR41",2006,88
"PPS_HAB_EU","FR42",2006,101
"PPS_HAB_EU","FR43",2006,90
"PPS_HAB_EU","FR51",2006,97
"PPS_HAB_EU","FR52",2006,96
"PPS_HAB_EU","FR53",2006,89
"PPS_HAB_EU","FR61",2006,98
"PPS_HAB_EU","FR62",2006,99
"PPS_HAB_EU","FR63",2006,88
"PPS_HAB_EU","FR71",2006,109
"PPS_HAB_EU","FR72",2006,90
"PPS_HAB_EU","FR81",2006,84
"PPS_HAB_EU","FR82",2006,102
"PPS_HAB_EU","FR83",2006,84
"PPS_HAB_EU","FRA1",2006,69
"PPS_HAB_EU","FRA2",2006,74
"PPS_HAB_EU","FRA3",2006,56
"PPS_HAB_EU","FRA4",2006,67
"PPS_HAB_EU","FRA5",2006,24
"PPS_HAB_EU","HR03",2006,56
"PPS_HAB_EU","HR04",2006,59
"PPS_HAB_EU","HU10",2006,102
"PPS_HAB_EU","HU21",2006,56
"PPS_HAB_EU","HU22",2006,62
"PPS_HAB_EU","HU23",2006,42
"PPS_HAB_EU","HU31",2006,40
"PPS_HAB_EU","HU32",2006,39
"PPS_HAB_EU","HU33",2006,42
"PPS_HAB_EU","IE01",2006,104
"PPS_HAB_EU","IE02",2006,161
"PPS_HAB_EU","ITC1",2006,115
"PPS_HAB_EU","ITC2",2006,135
"PPS_HAB_EU","ITC3",2006,115
"PPS_HAB_EU","ITC4",2006,136
"PPS_HAB_EU","ITF1",2006,89
"PPS_HAB_EU","ITF2",2006,83
"PPS_HAB_EU","ITF3",2006,70
"PPS_HAB_EU","ITF4",2006,68
"PPS_HAB_EU","ITF5",2006,75
"PPS_HAB_EU","ITF6",2006,65
"PPS_HAB_EU","ITG1",2006,70
"PPS_HAB_EU","ITG2",2006,78
"PPS_HAB_EU","ITH1",2006,142
"PPS_HAB_EU","ITH2",2006,130
"PPS_HAB_EU","ITH3",2006,119
"PPS_HAB_EU","ITH4",2006,115
"PPS_HAB_EU","ITH5",2006,128
"PPS_HAB_EU","ITI1",2006,111
"PPS_HAB_EU","ITI2",2006,102
"PPS_HAB_EU","ITI3",2006,104
"PPS_HAB_EU","ITI4",2006,133
"PPS_HAB_EU","LT00",2006,56
"PPS_HAB_EU","LU00",2006,256
"PPS_HAB_EU","LV00",2006,55
"PPS_HAB_EU","MT00",2006,78
"PPS_HAB_EU","NL11",2006,166
"PPS_HAB_EU","NL12",2006,94
"PPS_HAB_EU","NL13",2006,98
"PPS_HAB_EU","NL21",2006,108
"PPS_HAB_EU","NL22",2006,113
"PPS_HAB_EU","NL23",2006,110
"PPS_HAB_EU","NL31",2006,160
"PPS_HAB_EU","NL32",2006,167
"PPS_HAB_EU","NL33",2006,141
"PPS_HAB_EU","NL34",2006,98
"PPS_HAB_EU","NL41",2006,136
"PPS_HAB_EU","NL42",2006,110
"PPS_HAB_EU","PL11",2006,46
"PPS_HAB_EU","PL12",2006,78
"PPS_HAB_EU","PL21",2006,45
"PPS_HAB_EU","PL22",2006,53
"PPS_HAB_EU","PL31",2006,35
"PPS_HAB_EU","PL32",2006,36
"PPS_HAB_EU","PL33",2006,39
"PPS_HAB_EU","PL34",2006,37
"PPS_HAB_EU","PL41",2006,54
"PPS_HAB_EU","PL42",2006,45
"PPS_HAB_EU","PL43",2006,45
"PPS_HAB_EU","PL51",2006,54
"PPS_HAB_EU","PL52",2006,41
"PPS_HAB_EU","PL61",2006,44
"PPS_HAB_EU","PL62",2006,38
"PPS_HAB_EU","PL63",2006,50
"PPS_HAB_EU","PT11",2006,62
"PPS_HAB_EU","PT15",2006,84
"PPS_HAB_EU","PT16",2006,68
"PPS_HAB_EU","PT17",2006,113
"PPS_HAB_EU","PT18",2006,74
"PPS_HAB_EU","PT20",2006,70
"PPS_HAB_EU","PT30",2006,79
"PPS_HAB_EU","RO11",2006,36
"PPS_HAB_EU","RO12",2006,37
"PPS_HAB_EU","RO21",2006,24
"PPS_HAB_EU","RO22",2006,32
"PPS_HAB_EU","RO31",2006,31
"PPS_HAB_EU","RO32",2006,86
"PPS_HAB_EU","RO41",2006,29
"PPS_HAB_EU","RO42",2006,43
"PPS_HAB_EU","SE11",2006,171
"PPS_HAB_EU","SE12",2006,108
"PPS_HAB_EU","SE21",2006,108
"PPS_HAB_EU","SE22",2006,110
"PPS_HAB_EU","SE23",2006,121
"PPS_HAB_EU","SE31",2006,106
"PPS_HAB_EU","SE32",2006,110
"PPS_HAB_EU","SE33",2006,118
"PPS_HAB_EU","SI03",2006,70
"PPS_HAB_EU","SI04",2006,105
"PPS_HAB_EU","SK01",2006,145
"PPS_HAB_EU","SK02",2006,61
"PPS_HAB_EU","SK03",2006,48
"PPS_HAB_EU","SK04",2006,43
"PPS_HAB_EU","UKC1",2006,86
"PPS_HAB_EU","UKC2",2006,99
"PPS_HAB_EU","UKD1",2006,99
"PPS_HAB_EU","UKD3",2006,108
"PPS_HAB_EU","UKD4",2006,95
"PPS_HAB_EU","UKD6",2006,140
"PPS_HAB_EU","UKD7",2006,95
"PPS_HAB_EU","UKE1",2006,98
"PPS_HAB_EU","UKE2",2006,113
"PPS_HAB_EU","UKE3",2006,89
"PPS_HAB_EU","UKE4",2006,107
"PPS_HAB_EU","UKF1",2006,98
"PPS_HAB_EU","UKF2",2006,109
"PPS_HAB_EU","UKF3",2006,88
"PPS_HAB_EU","UKG1",2006,109
"PPS_HAB_EU","UKG2",2006,94
"PPS_HAB_EU","UKG3",2006,104
"PPS_HAB_EU","UKH1",2006,117
"PPS_HAB_EU","UKH2",2006,131
"PPS_HAB_EU","UKH3",2006,104
"PPS_HAB_EU","UKI3",2006,538
"PPS_HAB_EU","UKI4",2006,203
"PPS_HAB_EU","UKI5",2006,91
"PPS_HAB_EU","UKI6",2006,116
"PPS_HAB_EU","UKI7",2006,131
"PPS_HAB_EU","UKJ1",2006,163
"PPS_HAB_EU","UKJ2",2006,126
"PPS_HAB_EU","UKJ3",2006,121
"PPS_HAB_EU","UKJ4",2006,101
"PPS_HAB_EU","UKK1",2006,123
"PPS_HAB_EU","UKK2",2006,102
"PPS_HAB_EU","UKK3",2006,89
"PPS_HAB_EU","UKK4",2006,97
"PPS_HAB_EU","UKL1",2006,76
"PPS_HAB_EU","UKL2",2006,109
"PPS_HAB_EU","UKM2",2006,118
"PPS_HAB_EU","UKM3",2006,106
"PPS_HAB_EU","UKM5",2006,150
"PPS_HAB_EU","UKM6",2006,104
"PPS_HAB_EU","UKN0",2006,99
"PPS_HAB_EU","AT11",2007,80
"PPS_HAB_EU","AT12",2007,101
"PPS_HAB_EU","AT13",2007,159
"PPS_HAB_EU","AT21",2007,105
"PPS_HAB_EU","AT22",2007,109
"PPS_HAB_EU","AT31",2007,122
"PPS_HAB_EU","AT32",2007,142
"PPS_HAB_EU","AT33",2007,128
"PPS_HAB_EU","AT34",2007,127
"PPS_HAB_EU","BE10",2007,216
"PPS_HAB_EU","BE21",2007,136
"PPS_HAB_EU","BE22",2007,94
"PPS_HAB_EU","BE23",2007,103
"PPS_HAB_EU","BE24",2007,120
"PPS_HAB_EU","BE25",2007,110
"PPS_HAB_EU","BE31",2007,119
"PPS_HAB_EU","BE32",2007,75
"PPS_HAB_EU","BE33",2007,84
"PPS_HAB_EU","BE34",2007,77
"PPS_HAB_EU","BE35",2007,79
"PPS_HAB_EU","BG31",2007,28
"PPS_HAB_EU","BG32",2007,29
"PPS_HAB_EU","BG33",2007,35
"PPS_HAB_EU","BG34",2007,33
"PPS_HAB_EU","BG41",2007,68
"PPS_HAB_EU","BG42",2007,30
"PPS_HAB_EU","CY00",2007,100
"PPS_HAB_EU","CZ01",2007,182
"PPS_HAB_EU","CZ02",2007,79
"PPS_HAB_EU","CZ03",2007,74
"PPS_HAB_EU","CZ04",2007,65
"PPS_HAB_EU","CZ05",2007,69
"PPS_HAB_EU","CZ06",2007,74
"PPS_HAB_EU","CZ07",2007,64
"PPS_HAB_EU","CZ08",2007,69
"PPS_HAB_EU","DE11",2007,152
"PPS_HAB_EU","DE12",2007,134
"PPS_HAB_EU","DE13",2007,113
"PPS_HAB_EU","DE14",2007,123
"PPS_HAB_EU","DE21",2007,170
"PPS_HAB_EU","DE22",2007,109
"PPS_HAB_EU","DE23",2007,114
"PPS_HAB_EU","DE24",2007,102
"PPS_HAB_EU","DE25",2007,123
"PPS_HAB_EU","DE26",2007,116
"PPS_HAB_EU","DE27",2007,113
"PPS_HAB_EU","DE30",2007,106
"PPS_HAB_EU","DE40",2007,80
"PPS_HAB_EU","DE50",2007,157
"PPS_HAB_EU","DE60",2007,201
"PPS_HAB_EU","DE71",2007,165
"PPS_HAB_EU","DE72",2007,107
"PPS_HAB_EU","DE73",2007,111
"PPS_HAB_EU","DE80",2007,77
"PPS_HAB_EU","DE91",2007,115
"PPS_HAB_EU","DE92",2007,113
"PPS_HAB_EU","DE93",2007,81
"PPS_HAB_EU","DE94",2007,101
"PPS_HAB_EU","DEA1",2007,130
"PPS_HAB_EU","DEA2",2007,128
"PPS_HAB_EU","DEA3",2007,103
"PPS_HAB_EU","DEA4",2007,115
"PPS_HAB_EU","DEA5",2007,104
"PPS_HAB_EU","DEB1",2007,99
"PPS_HAB_EU","DEB2",2007,92
"PPS_HAB_EU","DEB3",2007,110
"PPS_HAB_EU","DEC0",2007,115
"PPS_HAB_EU","DED2",2007,87
"PPS_HAB_EU","DED4",2007,80
"PPS_HAB_EU","DED5",2007,88
"PPS_HAB_EU","DEE0",2007,79
"PPS_HAB_EU","DEF0",2007,98
"PPS_HAB_EU","DEG0",2007,78
"PPS_HAB_EU","DK01",2007,145
"PPS_HAB_EU","DK02",2007,85
"PPS_HAB_EU","DK03",2007,108
"PPS_HAB_EU","DK04",2007,111
"PPS_HAB_EU","DK05",2007,105
"PPS_HAB_EU","EE00",2007,68
"PPS_HAB_EU","EL30",2007,122
"PPS_HAB_EU","EL41",2007,73
"PPS_HAB_EU","EL42",2007,102
"PPS_HAB_EU","EL43",2007,80
"PPS_HAB_EU","EL51",2007,64
"PPS_HAB_EU","EL52",2007,73
"PPS_HAB_EU","EL53",2007,76
"PPS_HAB_EU","EL54",2007,64
"PPS_HAB_EU","EL61",2007,69
"PPS_HAB_EU","EL62",2007,90
"PPS_HAB_EU","EL63",2007,71
"PPS_HAB_EU","EL64",2007,83
"PPS_HAB_EU","EL65",2007,73
"PPS_HAB_EU","ES11",2007,88
"PPS_HAB_EU","ES12",2007,94
"PPS_HAB_EU","ES13",2007,96
"PPS_HAB_EU","ES21",2007,130
"PPS_HAB_EU","ES22",2007,127
"PPS_HAB_EU","ES23",2007,110
"PPS_HAB_EU","ES24",2007,112
"PPS_HAB_EU","ES30",2007,136
"PPS_HAB_EU","ES41",2007,95
"PPS_HAB_EU","ES42",2007,83
"PPS_HAB_EU","ES43",2007,69
"PPS_HAB_EU","ES51",2007,121
"PPS_HAB_EU","ES52",2007,93
"PPS_HAB_EU","ES53",2007,110
"PPS_HAB_EU","ES61",2007,79
"PPS_HAB_EU","ES62",2007,86
"PPS_HAB_EU","ES63",2007,88
"PPS_HAB_EU","ES64",2007,84
"PPS_HAB_EU","ES70",2007,91
"PPS_HAB_EU","FI19",2007,105
"PPS_HAB_EU","FI1B",2007,157
"PPS_HAB_EU","FI1C",2007,106
"PPS_HAB_EU","FI1D",2007,95
"PPS_HAB_EU","FI20",2007,135
"PPS_HAB_EU","FR10",2007,167
"PPS_HAB_EU","FR21",2007,98
"PPS_HAB_EU","FR22",2007,85
"PPS_HAB_EU","FR23",2007,96
"PPS_HAB_EU","FR24",2007,94
"PPS_HAB_EU","FR25",2007,89
"PPS_HAB_EU","FR26",2007,94
"PPS_HAB_EU","FR30",2007,87
"PPS_HAB_EU","FR41",2007,87
"PPS_HAB_EU","FR42",2007,101
"PPS_HAB_EU","FR43",2007,88
"PPS_HAB_EU","FR51",2007,96
"PPS_HAB_EU","FR52",2007,94
"PPS_HAB_EU","FR53",2007,89
"PPS_HAB_EU","FR61",2007,96
"PPS_HAB_EU","FR62",2007,95
"PPS_HAB_EU","FR63",2007,86
"PPS_HAB_EU","FR71",2007,108
"PPS_HAB_EU","FR72",2007,90
"PPS_HAB_EU","FR81",2007,83
"PPS_HAB_EU","FR82",2007,100
"PPS_HAB_EU","FR83",2007,82
"PPS_HAB_EU","FRA1",2007,68
"PPS_HAB_EU","FRA2",2007,74
"PPS_HAB_EU","FRA3",2007,52
"PPS_HAB_EU","FRA4",2007,67
"PPS_HAB_EU","FRA5",2007,24
"PPS_HAB_EU","HR03",2007,60
"PPS_HAB_EU","HR04",2007,61
"PPS_HAB_EU","HU10",2007,101
"PPS_HAB_EU","HU21",2007,56
"PPS_HAB_EU","HU22",2007,59
"PPS_HAB_EU","HU23",2007,41
"PPS_HAB_EU","HU31",2007,39
"PPS_HAB_EU","HU32",2007,38
"PPS_HAB_EU","HU33",2007,40
"PPS_HAB_EU","IE01",2007,101
"PPS_HAB_EU","IE02",2007,163
"PPS_HAB_EU","ITC1",2007,114
"PPS_HAB_EU","ITC2",2007,133
"PPS_HAB_EU","ITC3",2007,117
"PPS_HAB_EU","ITC4",2007,135
"PPS_HAB_EU","ITF1",2007,88
"PPS_HAB_EU","ITF2",2007,83
"PPS_HAB_EU","ITF3",2007,70
"PPS_HAB_EU","ITF4",2007,67
"PPS_HAB_EU","ITF5",2007,76
"PPS_HAB_EU","ITF6",2007,65
"PPS_HAB_EU","ITG1",2007,69
"PPS_HAB_EU","ITG2",2007,77
"PPS_HAB_EU","ITH1",2007,141
"PPS_HAB_EU","ITH2",2007,130
"PPS_HAB_EU","ITH3",2007,118
"PPS_HAB_EU","ITH4",2007,115
"PPS_HAB_EU","ITH5",2007,128
"PPS_HAB_EU","ITI1",2007,111
"PPS_HAB_EU","ITI2",2007,101
"PPS_HAB_EU","ITI3",2007,104
"PPS_HAB_EU","ITI4",2007,132
"PPS_HAB_EU","LT00",2007,60
"PPS_HAB_EU","LU00",2007,259
"PPS_HAB_EU","LV00",2007,60
"PPS_HAB_EU","MT00",2007,78
"PPS_HAB_EU","NL11",2007,158
"PPS_HAB_EU","NL12",2007,96
"PPS_HAB_EU","NL13",2007,100
"PPS_HAB_EU","NL21",2007,109
"PPS_HAB_EU","NL22",2007,114
"PPS_HAB_EU","NL23",2007,112
"PPS_HAB_EU","NL31",2007,162
"PPS_HAB_EU","NL32",2007,167
"PPS_HAB_EU","NL33",2007,144
"PPS_HAB_EU","NL34",2007,103
"PPS_HAB_EU","NL41",2007,136
"PPS_HAB_EU","NL42",2007,113
"PPS_HAB_EU","PL11",2007,49
"PPS_HAB_EU","PL12",2007,82
"PPS_HAB_EU","PL21",2007,47
"PPS_HAB_EU","PL22",2007,56
"PPS_HAB_EU","PL31",2007,37
"PPS_HAB_EU","PL32",2007,37
"PPS_HAB_EU","PL33",2007,42
"PPS_HAB_EU","PL34",2007,39
"PPS_HAB_EU","PL41",2007,56
"PPS_HAB_EU","PL42",2007,47
"PPS_HAB_EU","PL43",2007,47
"PPS_HAB_EU","PL51",2007,58
"PPS_HAB_EU","PL52",2007,45
"PPS_HAB_EU","PL61",2007,46
"PPS_HAB_EU","PL62",2007,39
"PPS_HAB_EU","PL63",2007,52
"PPS_HAB_EU","PT11",2007,63
"PPS_HAB_EU","PT15",2007,84
"PPS_HAB_EU","PT16",2007,67
"PPS_HAB_EU","PT17",2007,113
"PPS_HAB_EU","PT18",2007,73
"PPS_HAB_EU","PT20",2007,70
"PPS_HAB_EU","PT30",2007,78
"PPS_HAB_EU","RO11",2007,40
"PPS_HAB_EU","RO12",2007,41
"PPS_HAB_EU","RO21",2007,26
"PPS_HAB_EU","RO22",2007,34
"PPS_HAB_EU","RO31",2007,33
"PPS_HAB_EU","RO32",2007,97
"PPS_HAB_EU","RO41",2007,32
"PPS_HAB_EU","RO42",2007,47
"PPS_HAB_EU","SE11",2007,175
"PPS_HAB_EU","SE12",2007,110
"PPS_HAB_EU","SE21",2007,111
"PPS_HAB_EU","SE22",2007,116
"PPS_HAB_EU","SE23",2007,122
"PPS_HAB_EU","SE31",2007,105
"PPS_HAB_EU","SE32",2007,107
"PPS_HAB_EU","SE33",2007,114
"PPS_HAB_EU","SI03",2007,71
"PPS_HAB_EU","SI04",2007,106
"PPS_HAB_EU","SK01",2007,159
"PPS_HAB_EU","SK02",2007,65
"PPS_HAB_EU","SK03",2007,53
"PPS_HAB_EU","SK04",2007,46
"PPS_HAB_EU","UKC1",2007,81
"PPS_HAB_EU","UKC2",2007,93
"PPS_HAB_EU","UKD1",2007,93
"PPS_HAB_EU","UKD3",2007,103
"PPS_HAB_EU","UKD4",2007,92
"PPS_HAB_EU","UKD6",2007,133
"PPS_HAB_EU","UKD7",2007,89
"PPS_HAB_EU","UKE1",2007,96
"PPS_HAB_EU","UKE2",2007,109
"PPS_HAB_EU","UKE3",2007,88
"PPS_HAB_EU","UKE4",2007,103
"PPS_HAB_EU","UKF1",2007,93
"PPS_HAB_EU","UKF2",2007,107
"PPS_HAB_EU","UKF3",2007,84
"PPS_HAB_EU","UKG1",2007,100
"PPS_HAB_EU","UKG2",2007,89
"PPS_HAB_EU","UKG3",2007,99
"PPS_HAB_EU","UKH1",2007,109
"PPS_HAB_EU","UKH2",2007,124
"PPS_HAB_EU","UKH3",2007,100
"PPS_HAB_EU","UKI3",2007,543
"PPS_HAB_EU","UKI4",2007,200
"PPS_HAB_EU","UKI5",2007,87
"PPS_HAB_EU","UKI6",2007,111
"PPS_HAB_EU","UKI7",2007,124
"PPS_HAB_EU","UKJ1",2007,156
"PPS_HAB_EU","UKJ2",2007,120
"PPS_HAB_EU","UKJ3",2007,118
"PPS_HAB_EU","UKJ4",2007,96
"PPS_HAB_EU","UKK1",2007,121
"PPS_HAB_EU","UKK2",2007,97
"PPS_HAB_EU","UKK3",2007,83
"PPS_HAB_EU","UKK4",2007,92
"PPS_HAB_EU","UKL1",2007,72
"PPS_HAB_EU","UKL2",2007,104
"PPS_HAB_EU","UKM2",2007,114
"PPS_HAB_EU","UKM3",2007,99
"PPS_HAB_EU","UKM5",2007,154
"PPS_HAB_EU","UKM6",2007,98
"PPS_HAB_EU","UKN0",2007,97
"PPS_HAB_EU","AT11",2008,79
"PPS_HAB_EU","AT12",2008,102
"PPS_HAB_EU","AT13",2008,161
"PPS_HAB_EU","AT21",2008,105
"PPS_HAB_EU","AT22",2008,110
"PPS_HAB_EU","AT31",2008,124
"PPS_HAB_EU","AT32",2008,141
"PPS_HAB_EU","AT33",2008,126
"PPS_HAB_EU","AT34",2008,129
"PPS_HAB_EU","BE10",2008,211
"PPS_HAB_EU","BE21",2008,135
"PPS_HAB_EU","BE22",2008,95
"PPS_HAB_EU","BE23",2008,101
"PPS_HAB_EU","BE24",2008,119
"PPS_HAB_EU","BE25",2008,107
"PPS_HAB_EU","BE31",2008,125
"PPS_HAB_EU","BE32",2008,76
"PPS_HAB_EU","BE33",2008,84
"PPS_HAB_EU","BE34",2008,76
"PPS_HAB_EU","BE35",2008,80
"PPS_HAB_EU","BG31",2008,29
"PPS_HAB_EU","BG32",2008,30
"PPS_HAB_EU","BG33",2008,38
"PPS_HAB_EU","BG34",2008,36
"PPS_HAB_EU","BG41",2008,74
"PPS_HAB_EU","BG42",2008,31
"PPS_HAB_EU","CY00",2008,105
"PPS_HAB_EU","CZ01",2008,177
"PPS_HAB_EU","CZ02",2008,76
"PPS_HAB_EU","CZ03",2008,69
"PPS_HAB_EU","CZ04",2008,63
"PPS_HAB_EU","CZ05",2008,66
"PPS_HAB_EU","CZ06",2008,72
"PPS_HAB_EU","CZ07",2008,64
"PPS_HAB_EU","CZ08",2008,68
"PPS_HAB_EU","DE11",2008,148
"PPS_HAB_EU","DE12",2008,134
"PPS_HAB_EU","DE13",2008,113
"PPS_HAB_EU","DE14",2008,125
"PPS_HAB_EU","DE21",2008,164
"PPS_HAB_EU","DE22",2008,109
"PPS_HAB_EU","DE23",2008,116
"PPS_HAB_EU","DE24",2008,102
"PPS_HAB_EU","DE25",2008,124
"PPS_HAB_EU","DE26",2008,115
"PPS_HAB_EU","DE27",2008,114
"PPS_HAB_EU","DE30",2008,109
"PPS_HAB_EU","DE40",2008,82
"PPS_HAB_EU","DE50",2008,157
"PPS_HAB_EU","DE60",2008,203
"PPS_HAB_EU","DE71",2008,164
"PPS_HAB_EU","DE72",2008,108
"PPS_HAB_EU","DE73",2008,110
"PPS_HAB_EU","DE80",2008,78
"PPS_HAB_EU","DE91",2008,115
"PPS_HAB_EU","DE92",2008,114
"PPS_HAB_EU","DE93",2008,81
"PPS_HAB_EU","DE94",2008,104
"PPS_HAB_EU","DEA1",2008,133
"PPS_HAB_EU","DEA2",2008,127
"PPS_HAB_EU","DEA3",2008,106
"PPS_HAB_EU","DEA4",2008,115
"PPS_HAB_EU","DEA5",2008,106
"PPS_HAB_EU","DEB1",2008,100
"PPS_HAB_EU","DEB2",2008,93
"PPS_HAB_EU","DEB3",2008,110
"PPS_HAB_EU","DEC0",2008,116
"PPS_HAB_EU","DED2",2008,86
"PPS_HAB_EU","DED4",2008,80
"PPS_HAB_EU","DED5",2008,89
"PPS_HAB_EU","DEE0",2008,80
"PPS_HAB_EU","DEF0",2008,99
"PPS_HAB_EU","DEG0",2008,79
"PPS_HAB_EU","DK01",2008,149
"PPS_HAB_EU","DK02",2008,83
"PPS_HAB_EU","DK03",2008,109
"PPS_HAB_EU","DK04",2008,112
"PPS_HAB_EU","DK05",2008,106
"PPS_HAB_EU","EE00",2008,68
"PPS_HAB_EU","EL30",2008,125
"PPS_HAB_EU","EL41",2008,76
"PPS_HAB_EU","EL42",2008,106
"PPS_HAB_EU","EL43",2008,82
"PPS_HAB_EU","EL51",2008,67
"PPS_HAB_EU","EL52",2008,75
"PPS_HAB_EU","EL53",2008,72
"PPS_HAB_EU","EL54",2008,64
"PPS_HAB_EU","EL61",2008,70
"PPS_HAB_EU","EL62",2008,93
"PPS_HAB_EU","EL63",2008,70
"PPS_HAB_EU","EL64",2008,84
"PPS_HAB_EU","EL65",2008,74
"PPS_HAB_EU","ES11",2008,89
"PPS_HAB_EU","ES12",2008,93
"PPS_HAB_EU","ES13",2008,95
"PPS_HAB_EU","ES21",2008,131
"PPS_HAB_EU","ES22",2008,126
"PPS_HAB_EU","ES23",2008,109
"PPS_HAB_EU","ES24",2008,111
"PPS_HAB_EU","ES30",2008,134
"PPS_HAB_EU","ES41",2008,94
"PPS_HAB_EU","ES42",2008,82
"PPS_HAB_EU","ES43",2008,70
"PPS_HAB_EU","ES51",2008,118
"PPS_HAB_EU","ES52",2008,91
"PPS_HAB_EU","ES53",2008,107
"PPS_HAB_EU","ES61",2008,78
"PPS_HAB_EU","ES62",2008,85
"PPS_HAB_EU","ES63",2008,87
"PPS_HAB_EU","ES64",2008,82
"PPS_HAB_EU","ES70",2008,89
"PPS_HAB_EU","FI19",2008,108
"PPS_HAB_EU","FI1B",2008,160
"PPS_HAB_EU","FI1C",2008,107
"PPS_HAB_EU","FI1D",2008,97
"PPS_HAB_EU","FI20",2008,130
"PPS_HAB_EU","FR10",2008,174
"PPS_HAB_EU","FR21",2008,94
"PPS_HAB_EU","FR22",2008,82
"PPS_HAB_EU","FR23",2008,92
"PPS_HAB_EU","FR24",2008,89
"PPS_HAB_EU","FR25",2008,86
"PPS_HAB_EU","FR26",2008,91
"PPS_HAB_EU","FR30",2008,86
"PPS_HAB_EU","FR41",2008,83
"PPS_HAB_EU","FR42",2008,100
"PPS_HAB_EU","FR43",2008,85
"PPS_HAB_EU","FR51",2008,95
"PPS_HAB_EU","FR52",2008,89
"PPS_HAB_EU","FR53",2008,84
"PPS_HAB_EU","FR61",2008,92
"PPS_HAB_EU","FR62",2008,93
"PPS_HAB_EU","FR63",2008,81
"PPS_HAB_EU","FR71",2008,107
"PPS_HAB_EU","FR72",2008,85
"PPS_HAB_EU","FR81",2008,82
"PPS_HAB_EU","FR82",2008,97
"PPS_HAB_EU","FR83",2008,83
"PPS_HAB_EU","FRA1",2008,70
"PPS_HAB_EU","FRA2",2008,71
"PPS_HAB_EU","FRA3",2008,51
"PPS_HAB_EU","FRA4",2008,67
"PPS_HAB_EU","FRA5",2008,27
"PPS_HAB_EU","HR03",2008,62
"PPS_HAB_EU","HR04",2008,64
"PPS_HAB_EU","HU10",2008,104
"PPS_HAB_EU","HU21",2008,57
"PPS_HAB_EU","HU22",2008,61
"PPS_HAB_EU","HU23",2008,43
"PPS_HAB_EU","HU31",2008,39
"PPS_HAB_EU","HU32",2008,39
"PPS_HAB_EU","HU33",2008,42
"PPS_HAB_EU","IE01",2008,90
"PPS_HAB_EU","IE02",2008,147
"PPS_HAB_EU","ITC1",2008,113
"PPS_HAB_EU","ITC2",2008,136
"PPS_HAB_EU","ITC3",2008,118
"PPS_HAB_EU","ITC4",2008,138
"PPS_HAB_EU","ITF1",2008,89
"PPS_HAB_EU","ITF2",2008,81
"PPS_HAB_EU","ITF3",2008,70
"PPS_HAB_EU","ITF4",2008,66
"PPS_HAB_EU","ITF5",2008,75
"PPS_HAB_EU","ITF6",2008,65
"PPS_HAB_EU","ITG1",2008,69
"PPS_HAB_EU","ITG2",2008,78
"PPS_HAB_EU","ITH1",2008,143
"PPS_HAB_EU","ITH2",2008,130
"PPS_HAB_EU","ITH3",2008,116
"PPS_HAB_EU","ITH4",2008,112
"PPS_HAB_EU","ITH5",2008,127
"PPS_HAB_EU","ITI1",2008,110
"PPS_HAB_EU","ITI2",2008,100
"PPS_HAB_EU","ITI3",2008,102
"PPS_HAB_EU","ITI4",2008,130
"PPS_HAB_EU","LT00",2008,63
"PPS_HAB_EU","LU00",2008,256
"PPS_HAB_EU","LV00",2008,60
"PPS_HAB_EU","MT00",2008,80
"PPS_HAB_EU","NL11",2008,186
"PPS_HAB_EU","NL12",2008,97
"PPS_HAB_EU","NL13",2008,101
"PPS_HAB_EU","NL21",2008,112
"PPS_HAB_EU","NL22",2008,115
"PPS_HAB_EU","NL23",2008,109
"PPS_HAB_EU","NL31",2008,163
"PPS_HAB_EU","NL32",2008,168
"PPS_HAB_EU","NL33",2008,144
"PPS_HAB_EU","NL34",2008,105
"PPS_HAB_EU","NL41",2008,137
"PPS_HAB_EU","NL42",2008,113
"PPS_HAB_EU","PL11",2008,51
"PPS_HAB_EU","PL12",2008,83
"PPS_HAB_EU","PL21",2008,49
"PPS_HAB_EU","PL22",2008,58
"PPS_HAB_EU","PL31",2008,39
"PPS_HAB_EU","PL32",2008,39
"PPS_HAB_EU","PL33",2008,45
"PPS_HAB_EU","PL34",2008,40
"PPS_HAB_EU","PL41",2008,57
"PPS_HAB_EU","PL42",2008,49
"PPS_HAB_EU","PL43",2008,47
"PPS_HAB_EU","PL51",2008,59
"PPS_HAB_EU","PL52",2008,47
"PPS_HAB_EU","PL61",2008,47
"PPS_HAB_EU","PL62",2008,40
"PPS_HAB_EU","PL63",2008,52
"PPS_HAB_EU","PT11",2008,63
"PPS_HAB_EU","PT15",2008,83
"PPS_HAB_EU","PT16",2008,66
"PPS_HAB_EU","PT17",2008,112
"PPS_HAB_EU","PT18",2008,71
"PPS_HAB_EU","PT20",2008,71
"PPS_HAB_EU","PT30",2008,78
"PPS_HAB_EU","RO11",2008,43
"PPS_HAB_EU","RO12",2008,45
"PPS_HAB_EU","RO21",2008,29
"PPS_HAB_EU","RO22",2008,38
"PPS_HAB_EU","RO31",2008,39
"PPS_HAB_EU","RO32",2008,122
"PPS_HAB_EU","RO41",2008,36
"PPS_HAB_EU","RO42",2008,53
"PPS_HAB_EU","SE11",2008,173
"PPS_HAB_EU","SE12",2008,109
"PPS_HAB_EU","SE21",2008,111
"PPS_HAB_EU","SE22",2008,110
"PPS_HAB_EU","SE23",2008,123
"PPS_HAB_EU","SE31",2008,105
"PPS_HAB_EU","SE32",2008,111
"PPS_HAB_EU","SE33",2008,119
"PPS_HAB_EU","SI03",2008,73
"PPS_HAB_EU","SI04",2008,108
"PPS_HAB_EU","SK01",2008,165
"PPS_HAB_EU","SK02",2008,68
"PPS_HAB_EU","SK03",2008,58
"PPS_HAB_EU","SK04",2008,50
"PPS_HAB_EU","UKC1",2008,79
"PPS_HAB_EU","UKC2",2008,89
"PPS_HAB_EU","UKD1",2008,94
"PPS_HAB_EU","UKD3",2008,97
"PPS_HAB_EU","UKD4",2008,88
"PPS_HAB_EU","UKD6",2008,129
"PPS_HAB_EU","UKD7",2008,88
"PPS_HAB_EU","UKE1",2008,91
"PPS_HAB_EU","UKE2",2008,103
"PPS_HAB_EU","UKE3",2008,81
"PPS_HAB_EU","UKE4",2008,99
"PPS_HAB_EU","UKF1",2008,89
"PPS_HAB_EU","UKF2",2008,102
"PPS_HAB_EU","UKF3",2008,83
"PPS_HAB_EU","UKG1",2008,97
"PPS_HAB_EU","UKG2",2008,87
"PPS_HAB_EU","UKG3",2008,93
"PPS_HAB_EU","UKH1",2008,105
"PPS_HAB_EU","UKH2",2008,125
"PPS_HAB_EU","UKH3",2008,95
"PPS_HAB_EU","UKI3",2008,537
"PPS_HAB_EU","UKI4",2008,190
"PPS_HAB_EU","UKI5",2008,84
"PPS_HAB_EU","UKI6",2008,106
"PPS_HAB_EU","UKI7",2008,122
"PPS_HAB_EU","UKJ1",2008,152
"PPS_HAB_EU","UKJ2",2008,116
"PPS_HAB_EU","UKJ3",2008,114
"PPS_HAB_EU","UKJ4",2008,94
"PPS_HAB_EU","UKK1",2008,117
"PPS_HAB_EU","UKK2",2008,94
"PPS_HAB_EU","UKK3",2008,80
"PPS_HAB_EU","UKK4",2008,89
"PPS_HAB_EU","UKL1",2008,69
"PPS_HAB_EU","UKL2",2008,96
"PPS_HAB_EU","UKM2",2008,107
"PPS_HAB_EU","UKM3",2008,96
"PPS_HAB_EU","UKM5",2008,161
"PPS_HAB_EU","UKM6",2008,96
"PPS_HAB_EU","UKN0",2008,91
"PPS_HAB_EU","AT11",2009,82
"PPS_HAB_EU","AT12",2009,102
"PPS_HAB_EU","AT13",2009,164
"PPS_HAB_EU","AT21",2009,105
"PPS_HAB_EU","AT22",2009,110
"PPS_HAB_EU","AT31",2009,124
"PPS_HAB_EU","AT32",2009,143
"PPS_HAB_EU","AT33",2009,130
"PPS_HAB_EU","AT34",2009,130
"PPS_HAB_EU","BE10",2009,216
"PPS_HAB_EU","BE21",2009,135
"PPS_HAB_EU","BE22",2009,93
"PPS_HAB_EU","BE23",2009,105
"PPS_HAB_EU","BE24",2009,125
"PPS_HAB_EU","BE25",2009,110
"PPS_HAB_EU","BE31",2009,126
"PPS_HAB_EU","BE32",2009,75
"PPS_HAB_EU","BE33",2009,86
"PPS_HAB_EU","BE34",2009,77
"PPS_HAB_EU","BE35",2009,83
"PPS_HAB_EU","BG31",2009,28
"PPS_HAB_EU","BG32",2009,30
"PPS_HAB_EU","BG33",2009,37
"PPS_HAB_EU","BG34",2009,37
"PPS_HAB_EU","BG41",2009,76
"PPS_HAB_EU","BG42",2009,31
"PPS_HAB_EU","CY00",2009,105
"PPS_HAB_EU","CZ01",2009,179
"PPS_HAB_EU","CZ02",2009,75
"PPS_HAB_EU","CZ03",2009,73
"PPS_HAB_EU","CZ04",2009,66
"PPS_HAB_EU","CZ05",2009,67
"PPS_HAB_EU","CZ06",2009,74
"PPS_HAB_EU","CZ07",2009,66
"PPS_HAB_EU","CZ08",2009,67
"PPS_HAB_EU","DE11",2009,139
"PPS_HAB_EU","DE12",2009,131
"PPS_HAB_EU","DE13",2009,110
"PPS_HAB_EU","DE14",2009,119
"PPS_HAB_EU","DE21",2009,165
"PPS_HAB_EU","DE22",2009,110
"PPS_HAB_EU","DE23",2009,115
"PPS_HAB_EU","DE24",2009,105
"PPS_HAB_EU","DE25",2009,126
"PPS_HAB_EU","DE26",2009,113
"PPS_HAB_EU","DE27",2009,114
"PPS_HAB_EU","DE30",2009,112
"PPS_HAB_EU","DE40",2009,83
"PPS_HAB_EU","DE50",2009,148
"PPS_HAB_EU","DE60",2009,199
"PPS_HAB_EU","DE71",2009,160
"PPS_HAB_EU","DE72",2009,104
"PPS_HAB_EU","DE73",2009,109
"PPS_HAB_EU","DE80",2009,80
"PPS_HAB_EU","DE91",2009,110
"PPS_HAB_EU","DE92",2009,113
"PPS_HAB_EU","DE93",2009,82
"PPS_HAB_EU","DE94",2009,103
"PPS_HAB_EU","DEA1",2009,131
"PPS_HAB_EU","DEA2",2009,129
"PPS_HAB_EU","DEA3",2009,103
"PPS_HAB_EU","DEA4",2009,114
"PPS_HAB_EU","DEA5",2009,105
"PPS_HAB_EU","DEB1",2009,100
"PPS_HAB_EU","DEB2",2009,93
"PPS_HAB_EU","DEB3",2009,111
"PPS_HAB_EU","DEC0",2009,108
"PPS_HAB_EU","DED2",2009,87
"PPS_HAB_EU","DED4",2009,79
"PPS_HAB_EU","DED5",2009,90
"PPS_HAB_EU","DEE0",2009,80
"PPS_HAB_EU","DEF0",2009,99
"PPS_HAB_EU","DEG0",2009,78
"PPS_HAB_EU","DK01",2009,150
"PPS_HAB_EU","DK02",2009,84
"PPS_HAB_EU","DK03",2009,108
"PPS_HAB_EU","DK04",2009,114
"PPS_HAB_EU","DK05",2009,108
"PPS_HAB_EU","EE00",2009,62
"PPS_HAB_EU","EL30",2009,128
"PPS_HAB_EU","EL41",2009,75
"PPS_HAB_EU","EL42",2009,101
"PPS_HAB_EU","EL43",2009,82
"PPS_HAB_EU","EL51",2009,67
"PPS_HAB_EU","EL52",2009,75
"PPS_HAB_EU","EL53",2009,78
"PPS_HAB_EU","EL54",2009,64
"PPS_HAB_EU","EL61",2009,70
"PPS_HAB_EU","EL62",2009,89
"PPS_HAB_EU","EL63",2009,69
"PPS_HAB_EU","EL64",2009,82
"PPS_HAB_EU","EL65",2009,74
"PPS_HAB_EU","ES11",2009,89
"PPS_HAB_EU","ES12",2009,92
"PPS_HAB_EU","ES13",2009,95
"PPS_HAB_EU","ES21",2009,130
"PPS_HAB_EU","ES22",2009,125
"PPS_HAB_EU","ES23",2009,108
"PPS_HAB_EU","ES24",2009,110
"PPS_HAB_EU","ES30",2009,136
"PPS_HAB_EU","ES41",2009,95
"PPS_HAB_EU","ES42",2009,82
"PPS_HAB_EU","ES43",2009,70
"PPS_HAB_EU","ES51",2009,118
"PPS_HAB_EU","ES52",2009,90
"PPS_HAB_EU","ES53",2009,105
"PPS_HAB_EU","ES61",2009,77
"PPS_HAB_EU","ES62",2009,83
"PPS_HAB_EU","ES63",2009,87
"PPS_HAB_EU","ES64",2009,82
"PPS_HAB_EU","ES70",2009,87
"PPS_HAB_EU","FI19",2009,103
"PPS_HAB_EU","FI1B",2009,158
"PPS_HAB_EU","FI1C",2009,101
"PPS_HAB_EU","FI1D",2009,91
"PPS_HAB_EU","FI20",2009,142
"PPS_HAB_EU","FR10",2009,175
"PPS_HAB_EU","FR21",2009,94
"PPS_HAB_EU","FR22",2009,82
"PPS_HAB_EU","FR23",2009,93
"PPS_HAB_EU","FR24",2009,91
"PPS_HAB_EU","FR25",2009,87
"PPS_HAB_EU","FR26",2009,91
"PPS_HAB_EU","FR30",2009,88
"PPS_HAB_EU","FR41",2009,84
"PPS_HAB_EU","FR42",2009,102
"PPS_HAB_EU","FR43",2009,86
"PPS_HAB_EU","FR51",2009,96
"PPS_HAB_EU","FR52",2009,90
"PPS_HAB_EU","FR53",2009,86
"PPS_HAB_EU","FR61",2009,95
"PPS_HAB_EU","FR62",2009,96
"PPS_HAB_EU","FR63",2009,83
"PPS_HAB_EU","FR71",2009,108
"PPS_HAB_EU","FR72",2009,87
"PPS_HAB_EU","FR81",2009,84
"PPS_HAB_EU","FR82",2009,100
"PPS_HAB_EU","FR83",2009,89
"PPS_HAB_EU","FRA1",2009,73
"PPS_HAB_EU","FRA2",2009,74
"PPS_HAB_EU","FRA3",2009,55
"PPS_HAB_EU","FRA4",2009,68
"PPS_HAB_EU","FRA5",2009,27
"PPS_HAB_EU","HR03",2009,59
"PPS_HAB_EU","HR04",2009,63
"PPS_HAB_EU","HU10",2009,108
"PPS_HAB_EU","HU21",2009,54
"PPS_HAB_EU","HU22",2009,60
"PPS_HAB_EU","HU23",2009,44
"PPS_HAB_EU","HU31",2009,39
"PPS_HAB_EU","HU32",2009,42
"PPS_HAB_EU","HU33",2009,43
"PPS_HAB_EU","IE01",2009,88
"PPS_HAB_EU","IE02",2009,144
"PPS_HAB_EU","ITC1",2009,109
"PPS_HAB_EU","ITC2",2009,134
"PPS_HAB_EU","ITC3",2009,117
"PPS_HAB_EU","ITC4",2009,136
"PPS_HAB_EU","ITF1",2009,89
"PPS_HAB_EU","ITF2",2009,82
"PPS_HAB_EU","ITF3",2009,70
"PPS_HAB_EU","ITF4",2009,67
"PPS_HAB_EU","ITF5",2009,74
"PPS_HAB_EU","ITF6",2009,66
"PPS_HAB_EU","ITG1",2009,69
"PPS_HAB_EU","ITG2",2009,79
"PPS_HAB_EU","ITH1",2009,146
"PPS_HAB_EU","ITH2",2009,131
"PPS_HAB_EU","ITH3",2009,116
"PPS_HAB_EU","ITH4",2009,110
"PPS_HAB_EU","ITH5",2009,124
"PPS_HAB_EU","ITI1",2009,111
"PPS_HAB_EU","ITI2",2009,97
"PPS_HAB_EU","ITI3",2009,102
"PPS_HAB_EU","ITI4",2009,132
"PPS_HAB_EU","LT00",2009,56
"PPS_HAB_EU","LU00",2009,247
"PPS_HAB_EU","LV00",2009,52
"PPS_HAB_EU","MT00",2009,84
"PPS_HAB_EU","NL11",2009,168
"PPS_HAB_EU","NL12",2009,97
"PPS_HAB_EU","NL13",2009,98
"PPS_HAB_EU","NL21",2009,113
"PPS_HAB_EU","NL22",2009,116
"PPS_HAB_EU","NL23",2009,105
"PPS_HAB_EU","NL31",2009,167
"PPS_HAB_EU","NL32",2009,167
"PPS_HAB_EU","NL33",2009,142
"PPS_HAB_EU","NL34",2009,102
"PPS_HAB_EU","NL41",2009,135
"PPS_HAB_EU","NL42",2009,110
"PPS_HAB_EU","PL11",2009,54
"PPS_HAB_EU","PL12",2009,92
"PPS_HAB_EU","PL21",2009,52
"PPS_HAB_EU","PL22",2009,63
"PPS_HAB_EU","PL31",2009,41
"PPS_HAB_EU","PL32",2009,42
"PPS_HAB_EU","PL33",2009,47
"PPS_HAB_EU","PL34",2009,43
"PPS_HAB_EU","PL41",2009,64
"PPS_HAB_EU","PL42",2009,51
"PPS_HAB_EU","PL43",2009,50
"PPS_HAB_EU","PL51",2009,64
"PPS_HAB_EU","PL52",2009,50
"PPS_HAB_EU","PL61",2009,49
"PPS_HAB_EU","PL62",2009,43
"PPS_HAB_EU","PL63",2009,58
"PPS_HAB_EU","PT11",2009,65
"PPS_HAB_EU","PT15",2009,82
"PPS_HAB_EU","PT16",2009,69
"PPS_HAB_EU","PT17",2009,115
"PPS_HAB_EU","PT18",2009,72
"PPS_HAB_EU","PT20",2009,74
"PPS_HAB_EU","PT30",2009,79
"PPS_HAB_EU","RO11",2009,44
"PPS_HAB_EU","RO12",2009,47
"PPS_HAB_EU","RO21",2009,30
"PPS_HAB_EU","RO22",2009,39
"PPS_HAB_EU","RO31",2009,41
"PPS_HAB_EU","RO32",2009,116
"PPS_HAB_EU","RO41",2009,37
"PPS_HAB_EU","RO42",2009,54
"PPS_HAB_EU","SE11",2009,176
"PPS_HAB_EU","SE12",2009,105
"PPS_HAB_EU","SE21",2009,102
"PPS_HAB_EU","SE22",2009,105
"PPS_HAB_EU","SE23",2009,117
"PPS_HAB_EU","SE31",2009,99
"PPS_HAB_EU","SE32",2009,110
"PPS_HAB_EU","SE33",2009,107
"PPS_HAB_EU","SI03",2009,69
"PPS_HAB_EU","SI04",2009,103
"PPS_HAB_EU","SK01",2009,174
"PPS_HAB_EU","SK02",2009,66
"PPS_HAB_EU","SK03",2009,57
"PPS_HAB_EU","SK04",2009,48
"PPS_HAB_EU","UKC1",2009,79
"PPS_HAB_EU","UKC2",2009,87
"PPS_HAB_EU","UKD1",2009,93
"PPS_HAB_EU","UKD3",2009,98
"PPS_HAB_EU","UKD4",2009,87
"PPS_HAB_EU","UKD6",2009,127
"PPS_HAB_EU","UKD7",2009,90
"PPS_HAB_EU","UKE1",2009,97
"PPS_HAB_EU","UKE2",2009,101
"PPS_HAB_EU","UKE3",2009,81
"PPS_HAB_EU","UKE4",2009,98
"PPS_HAB_EU","UKF1",2009,87
"PPS_HAB_EU","UKF2",2009,99
"PPS_HAB_EU","UKF3",2009,80
"PPS_HAB_EU","UKG1",2009,94
"PPS_HAB_EU","UKG2",2009,83
"PPS_HAB_EU","UKG3",2009,90
"PPS_HAB_EU","UKH1",2009,103
"PPS_HAB_EU","UKH2",2009,121
"PPS_HAB_EU","UKH3",2009,93
"PPS_HAB_EU","UKI3",2009,556
"PPS_HAB_EU","UKI4",2009,188
"PPS_HAB_EU","UKI5",2009,80
"PPS_HAB_EU","UKI6",2009,100
"PPS_HAB_EU","UKI7",2009,115
"PPS_HAB_EU","UKJ1",2009,150
"PPS_HAB_EU","UKJ2",2009,116
"PPS_HAB_EU","UKJ3",2009,114
"PPS_HAB_EU","UKJ4",2009,91
"PPS_HAB_EU","UKK1",2009,117
"PPS_HAB_EU","UKK2",2009,94
"PPS_HAB_EU","UKK3",2009,81
"PPS_HAB_EU","UKK4",2009,89
"PPS_HAB_EU","UKL1",2009,71
"PPS_HAB_EU","UKL2",2009,95
"PPS_HAB_EU","UKM2",2009,108
"PPS_HAB_EU","UKM3",2009,97
"PPS_HAB_EU","UKM5",2009,161
"PPS_HAB_EU","UKM6",2009,97
"PPS_HAB_EU","UKN0",2009,88
"PPS_HAB_EU","AT11",2010,84
"PPS_HAB_EU","AT12",2010,103
"PPS_HAB_EU","AT13",2010,163
"PPS_HAB_EU","AT21",2010,105
"PPS_HAB_EU","AT22",2010,111
"PPS_HAB_EU","AT31",2010,126
"PPS_HAB_EU","AT32",2010,147
"PPS_HAB_EU","AT33",2010,129
"PPS_HAB_EU","AT34",2010,131
"PPS_HAB_EU","BE10",2010,218
"PPS_HAB_EU","BE21",2010,139
"PPS_HAB_EU","BE22",2010,96
"PPS_HAB_EU","BE23",2010,107
"PPS_HAB_EU","BE24",2010,125
"PPS_HAB_EU","BE25",2010,113
"PPS_HAB_EU","BE31",2010,141
"PPS_HAB_EU","BE32",2010,77
"PPS_HAB_EU","BE33",2010,87
"PPS_HAB_EU","BE34",2010,79
"PPS_HAB_EU","BE35",2010,85
"PPS_HAB_EU","BG31",2010,27
"PPS_HAB_EU","BG32",2010,29
"PPS_HAB_EU","BG33",2010,36
"PPS_HAB_EU","BG34",2010,36
"PPS_HAB_EU","BG41",2010,76
"PPS_HAB_EU","BG42",2010,31
"PPS_HAB_EU","CY00",2010,102
"PPS_HAB_EU","CZ01",2010,175
"PPS_HAB_EU","CZ02",2010,72
"PPS_HAB_EU","CZ03",2010,71
"PPS_HAB_EU","CZ04",2010,63
"PPS_HAB_EU","CZ05",2010,67
"PPS_HAB_EU","CZ06",2010,73
"PPS_HAB_EU","CZ07",2010,64
"PPS_HAB_EU","CZ08",2010,67
"PPS_HAB_EU","DE11",2010,153
"PPS_HAB_EU","DE12",2010,138
"PPS_HAB_EU","DE13",2010,116
"PPS_HAB_EU","DE14",2010,129
"PPS_HAB_EU","DE21",2010,170
"PPS_HAB_EU","DE22",2010,118
"PPS_HAB_EU","DE23",2010,123
"PPS_HAB_EU","DE24",2010,110
"PPS_HAB_EU","DE25",2010,130
"PPS_HAB_EU","DE26",2010,120
"PPS_HAB_EU","DE27",2010,120
"PPS_HAB_EU","DE30",2010,115
"PPS_HAB_EU","DE40",2010,86
"PPS_HAB_EU","DE50",2010,156
"PPS_HAB_EU","DE60",2010,204
"PPS_HAB_EU","DE71",2010,164
"PPS_HAB_EU","DE72",2010,107
"PPS_HAB_EU","DE73",2010,114
"PPS_HAB_EU","DE80",2010,82
"PPS_HAB_EU","DE91",2010,121
"PPS_HAB_EU","DE92",2010,117
"PPS_HAB_EU","DE93",2010,84
"PPS_HAB_EU","DE94",2010,108
"PPS_HAB_EU","DEA1",2010,132
"PPS_HAB_EU","DEA2",2010,131
"PPS_HAB_EU","DEA3",2010,107
"PPS_HAB_EU","DEA4",2010,117
"PPS_HAB_EU","DEA5",2010,109
"PPS_HAB_EU","DEB1",2010,105
"PPS_HAB_EU","DEB2",2010,96
"PPS_HAB_EU","DEB3",2010,117
"PPS_HAB_EU","DEC0",2010,114
"PPS_HAB_EU","DED2",2010,89
"PPS_HAB_EU","DED4",2010,83
"PPS_HAB_EU","DED5",2010,93
"PPS_HAB_EU","DEE0",2010,84
"PPS_HAB_EU","DEF0",2010,100
"PPS_HAB_EU","DEG0",2010,83
"PPS_HAB_EU","DK01",2010,158
"PPS_HAB_EU","DK02",2010,87
"PPS_HAB_EU","DK03",2010,111
"PPS_HAB_EU","DK04",2010,112
"PPS_HAB_EU","DK05",2010,107
"PPS_HAB_EU","EE00",2010,63
"PPS_HAB_EU","EL30",2010,118
"PPS_HAB_EU","EL41",2010,68
"PPS_HAB_EU","EL42",2010,93
"PPS_HAB_EU","EL43",2010,74
"PPS_HAB_EU","EL51",2010,64
"PPS_HAB_EU","EL52",2010,68
"PPS_HAB_EU","EL53",2010,75
"PPS_HAB_EU","EL54",2010,61
"PPS_HAB_EU","EL61",2010,62
"PPS_HAB_EU","EL62",2010,82
"PPS_HAB_EU","EL63",2010,66
"PPS_HAB_EU","EL64",2010,76
"PPS_HAB_EU","EL65",2010,69
"PPS_HAB_EU","ES11",2010,86
"PPS_HAB_EU","ES12",2010,89
"PPS_HAB_EU","ES13",2010,91
"PPS_HAB_EU","ES21",2010,126
"PPS_HAB_EU","ES22",2010,120
"PPS_HAB_EU","ES23",2010,105
"PPS_HAB_EU","ES24",2010,107
"PPS_HAB_EU","ES30",2010,130
"PPS_HAB_EU","ES41",2010,91
"PPS_HAB_EU","ES42",2010,79
"PPS_HAB_EU","ES43",2010,69
"PPS_HAB_EU","ES51",2010,114
"PPS_HAB_EU","ES52",2010,86
"PPS_HAB_EU","ES53",2010,101
"PPS_HAB_EU","ES61",2010,74
"PPS_HAB_EU","ES62",2010,80
"PPS_HAB_EU","ES63",2010,83
"PPS_HAB_EU","ES64",2010,77
"PPS_HAB_EU","ES70",2010,84
"PPS_HAB_EU","FI19",2010,103
"PPS_HAB_EU","FI1B",2010,157
"PPS_HAB_EU","FI1C",2010,98
"PPS_HAB_EU","FI1D",2010,92
"PPS_HAB_EU","FI20",2010,136
"PPS_HAB_EU","FR10",2010,181
"PPS_HAB_EU","FR21",2010,93
"PPS_HAB_EU","FR22",2010,82
"PPS_HAB_EU","FR23",2010,93
"PPS_HAB_EU","FR24",2010,90
"PPS_HAB_EU","FR25",2010,87
"PPS_HAB_EU","FR26",2010,89
"PPS_HAB_EU","FR30",2010,87
"PPS_HAB_EU","FR41",2010,82
"PPS_HAB_EU","FR42",2010,99
"PPS_HAB_EU","FR43",2010,85
"PPS_HAB_EU","FR51",2010,94
"PPS_HAB_EU","FR52",2010,89
"PPS_HAB_EU","FR53",2010,86
"PPS_HAB_EU","FR61",2010,95
"PPS_HAB_EU","FR62",2010,94
"PPS_HAB_EU","FR63",2010,80
"PPS_HAB_EU","FR71",2010,107
"PPS_HAB_EU","FR72",2010,86
"PPS_HAB_EU","FR81",2010,83
"PPS_HAB_EU","FR82",2010,102
"PPS_HAB_EU","FR83",2010,89
"PPS_HAB_EU","FRA1",2010,73
"PPS_HAB_EU","FRA2",2010,74
"PPS_HAB_EU","FRA3",2010,53
"PPS_HAB_EU","FRA4",2010,67
"PPS_HAB_EU","FRA5",2010,28
"PPS_HAB_EU","HR03",2010,56
"PPS_HAB_EU","HR04",2010,60
"PPS_HAB_EU","HU10",2010,107
"PPS_HAB_EU","HU21",2010,56
"PPS_HAB_EU","HU22",2010,64
"PPS_HAB_EU","HU23",2010,44
"PPS_HAB_EU","HU31",2010,39
"PPS_HAB_EU","HU32",2010,41
"PPS_HAB_EU","HU33",2010,42
"PPS_HAB_EU","IE01",2010,85
"PPS_HAB_EU","IE02",2010,147
"PPS_HAB_EU","ITC1",2010,110
"PPS_HAB_EU","ITC2",2010,136
"PPS_HAB_EU","ITC3",2010,113
"PPS_HAB_EU","ITC4",2010,137
"PPS_HAB_EU","ITF1",2010,89
"PPS_HAB_EU","ITF2",2010,80
"PPS_HAB_EU","ITF3",2010,67
"PPS_HAB_EU","ITF4",2010,66
"PPS_HAB_EU","ITF5",2010,72
"PPS_HAB_EU","ITF6",2010,64
"PPS_HAB_EU","ITG1",2010,68
"PPS_HAB_EU","ITG2",2010,77
"PPS_HAB_EU","ITH1",2010,146
"PPS_HAB_EU","ITH2",2010,130
"PPS_HAB_EU","ITH3",2010,114
"PPS_HAB_EU","ITH4",2010,111
"PPS_HAB_EU","ITH5",2010,123
"PPS_HAB_EU","ITI1",2010,109
"PPS_HAB_EU","ITI2",2010,95
"PPS_HAB_EU","ITI3",2010,99
"PPS_HAB_EU","ITI4",2010,128
"PPS_HAB_EU","LT00",2010,60
"PPS_HAB_EU","LU00",2010,254
"PPS_HAB_EU","LV00",2010,52
"PPS_HAB_EU","MK00",2010,35
"PPS_HAB_EU","MT00",2010,86
"PPS_HAB_EU","NL11",2010,175
"PPS_HAB_EU","NL12",2010,95
"PPS_HAB_EU","NL13",2010,94
"PPS_HAB_EU","NL21",2010,110
"PPS_HAB_EU","NL22",2010,112
"PPS_HAB_EU","NL23",2010,105
"PPS_HAB_EU","NL31",2010,161
"PPS_HAB_EU","NL32",2010,165
"PPS_HAB_EU","NL33",2010,138
"PPS_HAB_EU","NL34",2010,104
"PPS_HAB_EU","NL41",2010,135
"PPS_HAB_EU","NL42",2010,109
"PPS_HAB_EU","PL11",2010,57
"PPS_HAB_EU","PL12",2010,98
"PPS_HAB_EU","PL21",2010,54
"PPS_HAB_EU","PL22",2010,66
"PPS_HAB_EU","PL31",2010,43
"PPS_HAB_EU","PL32",2010,43
"PPS_HAB_EU","PL33",2010,48
"PPS_HAB_EU","PL34",2010,45
"PPS_HAB_EU","PL41",2010,65
"PPS_HAB_EU","PL42",2010,53
"PPS_HAB_EU","PL43",2010,52
"PPS_HAB_EU","PL51",2010,70
"PPS_HAB_EU","PL52",2010,51
"PPS_HAB_EU","PL61",2010,51
"PPS_HAB_EU","PL62",2010,45
"PPS_HAB_EU","PL63",2010,59
"PPS_HAB_EU","PT11",2010,65
"PPS_HAB_EU","PT15",2010,80
"PPS_HAB_EU","PT16",2010,69
"PPS_HAB_EU","PT17",2010,114
"PPS_HAB_EU","PT18",2010,74
"PPS_HAB_EU","PT20",2010,74
"PPS_HAB_EU","PT30",2010,78
"PPS_HAB_EU","RO11",2010,44
"PPS_HAB_EU","RO12",2010,47
"PPS_HAB_EU","RO21",2010,30
"PPS_HAB_EU","RO22",2010,40
"PPS_HAB_EU","RO31",2010,41
"PPS_HAB_EU","RO32",2010,121
"PPS_HAB_EU","RO41",2010,38
"PPS_HAB_EU","RO42",2010,56
"PPS_HAB_EU","SE11",2010,174
"PPS_HAB_EU","SE12",2010,109
"PPS_HAB_EU","SE21",2010,106
"PPS_HAB_EU","SE22",2010,108
"PPS_HAB_EU","SE23",2010,120
"PPS_HAB_EU","SE31",2010,103
"PPS_HAB_EU","SE32",2010,116
"PPS_HAB_EU","SE33",2010,124
"PPS_HAB_EU","SI03",2010,68
"PPS_HAB_EU","SI04",2010,100
"PPS_HAB_EU","SK01",2010,178
"PPS_HAB_EU","SK02",2010,68
"PPS_HAB_EU","SK03",2010,59
"PPS_HAB_EU","SK04",2010,50
"PPS_HAB_EU","UKC1",2010,76
"PPS_HAB_EU","UKC2",2010,82
"PPS_HAB_EU","UKD1",2010,93
"PPS_HAB_EU","UKD3",2010,93
"PPS_HAB_EU","UKD4",2010,83
"PPS_HAB_EU","UKD6",2010,122
"PPS_HAB_EU","UKD7",2010,86
"PPS_HAB_EU","UKE1",2010,88
"PPS_HAB_EU","UKE2",2010,97
"PPS_HAB_EU","UKE3",2010,78
"PPS_HAB_EU","UKE4",2010,92
"PPS_HAB_EU","UKF1",2010,85
"PPS_HAB_EU","UKF2",2010,97
"PPS_HAB_EU","UKF3",2010,78
"PPS_HAB_EU","UKG1",2010,93
"PPS_HAB_EU","UKG2",2010,81
"PPS_HAB_EU","UKG3",2010,87
"PPS_HAB_EU","UKH1",2010,100
"PPS_HAB_EU","UKH2",2010,113
"PPS_HAB_EU","UKH3",2010,90
"PPS_HAB_EU","UKI3",2010,541
"PPS_HAB_EU","UKI4",2010,176
"PPS_HAB_EU","UKI5",2010,77
"PPS_HAB_EU","UKI6",2010,96
"PPS_HAB_EU","UKI7",2010,111
"PPS_HAB_EU","UKJ1",2010,145
"PPS_HAB_EU","UKJ2",2010,113
"PPS_HAB_EU","UKJ3",2010,111
"PPS_HAB_EU","UKJ4",2010,88
"PPS_HAB_EU","UKK1",2010,116
"PPS_HAB_EU","UKK2",2010,89
"PPS_HAB_EU","UKK3",2010,77
"PPS_HAB_EU","UKK4",2010,86
"PPS_HAB_EU","UKL1",2010,67
"PPS_HAB_EU","UKL2",2010,90
"PPS_HAB_EU","UKM2",2010,99
"PPS_HAB_EU","UKM3",2010,89
"PPS_HAB_EU","UKM5",2010,153
"PPS_HAB_EU","UKM6",2010,90
"PPS_HAB_EU","UKN0",2010,84
"PPS_HAB_EU","AT11",2011,84
"PPS_HAB_EU","AT12",2011,104
"PPS_HAB_EU","AT13",2011,162
"PPS_HAB_EU","AT21",2011,108
"PPS_HAB_EU","AT22",2011,113
"PPS_HAB_EU","AT31",2011,128
"PPS_HAB_EU","AT32",2011,149
"PPS_HAB_EU","AT33",2011,131
"PPS_HAB_EU","AT34",2011,133
"PPS_HAB_EU","BE10",2011,217
"PPS_HAB_EU","BE21",2011,139
"PPS_HAB_EU","BE22",2011,98
"PPS_HAB_EU","BE23",2011,108
"PPS_HAB_EU","BE24",2011,125
"PPS_HAB_EU","BE25",2011,113
"PPS_HAB_EU","BE31",2011,128
"PPS_HAB_EU","BE32",2011,78
"PPS_HAB_EU","BE33",2011,88
"PPS_HAB_EU","BE34",2011,79
"PPS_HAB_EU","BE35",2011,84
"PPS_HAB_EU","BG31",2011,28
"PPS_HAB_EU","BG32",2011,30
"PPS_HAB_EU","BG33",2011,37
"PPS_HAB_EU","BG34",2011,36
"PPS_HAB_EU","BG41",2011,75
"PPS_HAB_EU","BG42",2011,32
"PPS_HAB_EU","CY00",2011,96
"PPS_HAB_EU","CZ01",2011,174
"PPS_HAB_EU","CZ02",2011,75
"PPS_HAB_EU","CZ03",2011,72
"PPS_HAB_EU","CZ04",2011,63
"PPS_HAB_EU","CZ05",2011,68
"PPS_HAB_EU","CZ06",2011,75
"PPS_HAB_EU","CZ07",2011,67
"PPS_HAB_EU","CZ08",2011,71
"PPS_HAB_EU","DE11",2011,158
"PPS_HAB_EU","DE12",2011,142
"PPS_HAB_EU","DE13",2011,121
"PPS_HAB_EU","DE14",2011,134
"PPS_HAB_EU","DE21",2011,176
"PPS_HAB_EU","DE22",2011,122
"PPS_HAB_EU","DE23",2011,126
"PPS_HAB_EU","DE24",2011,112
"PPS_HAB_EU","DE25",2011,134
"PPS_HAB_EU","DE26",2011,125
"PPS_HAB_EU","DE27",2011,122
"PPS_HAB_EU","DE30",2011,121
"PPS_HAB_EU","DE40",2011,87
"PPS_HAB_EU","DE50",2011,157
"PPS_HAB_EU","DE60",2011,207
"PPS_HAB_EU","DE71",2011,165
"PPS_HAB_EU","DE72",2011,108
"PPS_HAB_EU","DE73",2011,114
"PPS_HAB_EU","DE80",2011,83
"PPS_HAB_EU","DE91",2011,129
"PPS_HAB_EU","DE92",2011,121
"PPS_HAB_EU","DE93",2011,86
"PPS_HAB_EU","DE94",2011,110
"PPS_HAB_EU","DEA1",2011,134
"PPS_HAB_EU","DEA2",2011,133
"PPS_HAB_EU","DEA3",2011,108
"PPS_HAB_EU","DEA4",2011,119
"PPS_HAB_EU","DEA5",2011,112
"PPS_HAB_EU","DEB1",2011,106
"PPS_HAB_EU","DEB2",2011,96
"PPS_HAB_EU","DEB3",2011,118
"PPS_HAB_EU","DEC0",2011,118
"PPS_HAB_EU","DED2",2011,90
"PPS_HAB_EU","DED4",2011,85
"PPS_HAB_EU","DED5",2011,98
"PPS_HAB_EU","DEE0",2011,84
"PPS_HAB_EU","DEF0",2011,101
"PPS_HAB_EU","DEG0",2011,86
"PPS_HAB_EU","DK01",2011,154
"PPS_HAB_EU","DK02",2011,85
"PPS_HAB_EU","DK03",2011,111
"PPS_HAB_EU","DK04",2011,114
"PPS_HAB_EU","DK05",2011,106
"PPS_HAB_EU","EE00",2011,69
"PPS_HAB_EU","EL30",2011,105
"PPS_HAB_EU","EL41",2011,61
"PPS_HAB_EU","EL42",2011,81
"PPS_HAB_EU","EL43",2011,64
"PPS_HAB_EU","EL51",2011,55
"PPS_HAB_EU","EL52",2011,60
"PPS_HAB_EU","EL53",2011,70
"PPS_HAB_EU","EL54",2011,55
"PPS_HAB_EU","EL61",2011,55
"PPS_HAB_EU","EL62",2011,69
"PPS_HAB_EU","EL63",2011,58
"PPS_HAB_EU","EL64",2011,68
"PPS_HAB_EU","EL65",2011,62
"PPS_HAB_EU","ES11",2011,83
"PPS_HAB_EU","ES12",2011,86
"PPS_HAB_EU","ES13",2011,87
"PPS_HAB_EU","ES21",2011,122
"PPS_HAB_EU","ES22",2011,117
"PPS_HAB_EU","ES23",2011,101
"PPS_HAB_EU","ES24",2011,104
"PPS_HAB_EU","ES30",2011,127
"PPS_HAB_EU","ES41",2011,89
"PPS_HAB_EU","ES42",2011,76
"PPS_HAB_EU","ES43",2011,65
"PPS_HAB_EU","ES51",2011,109
"PPS_HAB_EU","ES52",2011,83
"PPS_HAB_EU","ES53",2011,98
"PPS_HAB_EU","ES61",2011,71
"PPS_HAB_EU","ES62",2011,77
"PPS_HAB_EU","ES63",2011,78
"PPS_HAB_EU","ES64",2011,73
"PPS_HAB_EU","ES70",2011,81
"PPS_HAB_EU","FI19",2011,106
"PPS_HAB_EU","FI1B",2011,154
"PPS_HAB_EU","FI1C",2011,102
"PPS_HAB_EU","FI1D",2011,95
"PPS_HAB_EU","FI20",2011,135
"PPS_HAB_EU","FR10",2011,177
"PPS_HAB_EU","FR21",2011,97
"PPS_HAB_EU","FR22",2011,83
"PPS_HAB_EU","FR23",2011,94
"PPS_HAB_EU","FR24",2011,91
"PPS_HAB_EU","FR25",2011,88
"PPS_HAB_EU","FR26",2011,90
"PPS_HAB_EU","FR30",2011,88
"PPS_HAB_EU","FR41",2011,82
"PPS_HAB_EU","FR42",2011,100
"PPS_HAB_EU","FR43",2011,85
"PPS_HAB_EU","FR51",2011,96
"PPS_HAB_EU","FR52",2011,90
"PPS_HAB_EU","FR53",2011,87
"PPS_HAB_EU","FR61",2011,96
"PPS_HAB_EU","FR62",2011,95
"PPS_HAB_EU","FR63",2011,80
"PPS_HAB_EU","FR71",2011,109
"PPS_HAB_EU","FR72",2011,88
"PPS_HAB_EU","FR81",2011,83
"PPS_HAB_EU","FR82",2011,102
"PPS_HAB_EU","FR83",2011,89
"PPS_HAB_EU","FRA1",2011,72
"PPS_HAB_EU","FRA2",2011,74
"PPS_HAB_EU","FRA3",2011,52
"PPS_HAB_EU","FRA4",2011,65
"PPS_HAB_EU","FRA5",2011,28
"PPS_HAB_EU","HR03",2011,57
"PPS_HAB_EU","HR04",2011,61
"PPS_HAB_EU","HU10",2011,106
"PPS_HAB_EU","HU21",2011,58
"PPS_HAB_EU","HU22",2011,66
"PPS_HAB_EU","HU23",2011,44
"PPS_HAB_EU","HU31",2011,39
"PPS_HAB_EU","HU32",2011,42
"PPS_HAB_EU","HU33",2011,44
"PPS_HAB_EU","IE01",2011,88
"PPS_HAB_EU","IE02",2011,148
"PPS_HAB_EU","ITC1",2011,109
"PPS_HAB_EU","ITC2",2011,135
"PPS_HAB_EU","ITC3",2011,113
"PPS_HAB_EU","ITC4",2011,136
"PPS_HAB_EU","ITF1",2011,90
"PPS_HAB_EU","ITF2",2011,78
"PPS_HAB_EU","ITF3",2011,65
"PPS_HAB_EU","ITF4",2011,65
"PPS_HAB_EU","ITF5",2011,72
"PPS_HAB_EU","ITF6",2011,64
"PPS_HAB_EU","ITG1",2011,66
"PPS_HAB_EU","ITG2",2011,76
"PPS_HAB_EU","ITH1",2011,146
"PPS_HAB_EU","ITH2",2011,128
"PPS_HAB_EU","ITH3",2011,115
"PPS_HAB_EU","ITH4",2011,110
"PPS_HAB_EU","ITH5",2011,124
"PPS_HAB_EU","ITI1",2011,109
"PPS_HAB_EU","ITI2",2011,93
"PPS_HAB_EU","ITI3",2011,98
"PPS_HAB_EU","ITI4",2011,126
"PPS_HAB_EU","LT00",2011,65
"PPS_HAB_EU","LU00",2011,263
"PPS_HAB_EU","LV00",2011,56
"PPS_HAB_EU","MK00",2011,34
"PPS_HAB_EU","MT00",2011,84
"PPS_HAB_EU","NL11",2011,177
"PPS_HAB_EU","NL12",2011,97
"PPS_HAB_EU","NL13",2011,94
"PPS_HAB_EU","NL21",2011,111
"PPS_HAB_EU","NL22",2011,114
"PPS_HAB_EU","NL23",2011,103
"PPS_HAB_EU","NL31",2011,159
"PPS_HAB_EU","NL32",2011,163
"PPS_HAB_EU","NL33",2011,134
"PPS_HAB_EU","NL34",2011,105
"PPS_HAB_EU","NL41",2011,136
"PPS_HAB_EU","NL42",2011,110
"PPS_HAB_EU","NO01",2011,185
"PPS_HAB_EU","NO02",2011,101
"PPS_HAB_EU","NO03",2011,106
"PPS_HAB_EU","NO04",2011,144
"PPS_HAB_EU","NO05",2011,140
"PPS_HAB_EU","NO06",2011,121
"PPS_HAB_EU","NO07",2011,116
"PPS_HAB_EU","PL11",2011,59
"PPS_HAB_EU","PL12",2011,102
"PPS_HAB_EU","PL21",2011,57
"PPS_HAB_EU","PL22",2011,69
"PPS_HAB_EU","PL31",2011,45
"PPS_HAB_EU","PL32",2011,45
"PPS_HAB_EU","PL33",2011,49
"PPS_HAB_EU","PL34",2011,47
"PPS_HAB_EU","PL41",2011,68
"PPS_HAB_EU","PL42",2011,54
"PPS_HAB_EU","PL43",2011,53
"PPS_HAB_EU","PL51",2011,73
"PPS_HAB_EU","PL52",2011,53
"PPS_HAB_EU","PL61",2011,53
"PPS_HAB_EU","PL62",2011,46
"PPS_HAB_EU","PL63",2011,62
"PPS_HAB_EU","PT11",2011,63
"PPS_HAB_EU","PT15",2011,76
"PPS_HAB_EU","PT16",2011,66
"PPS_HAB_EU","PT17",2011,109
"PPS_HAB_EU","PT18",2011,71
"PPS_HAB_EU","PT20",2011,71
"PPS_HAB_EU","PT30",2011,77
"PPS_HAB_EU","RO11",2011,44
"PPS_HAB_EU","RO12",2011,47
"PPS_HAB_EU","RO21",2011,30
"PPS_HAB_EU","RO22",2011,41
"PPS_HAB_EU","RO31",2011,42
"PPS_HAB_EU","RO32",2011,131
"PPS_HAB_EU","RO41",2011,39
"PPS_HAB_EU","RO42",2011,56
"PPS_HAB_EU","SE11",2011,177
"PPS_HAB_EU","SE12",2011,110
"PPS_HAB_EU","SE21",2011,108
"PPS_HAB_EU","SE22",2011,106
"PPS_HAB_EU","SE23",2011,121
"PPS_HAB_EU","SE31",2011,103
"PPS_HAB_EU","SE32",2011,113
"PPS_HAB_EU","SE33",2011,123
"PPS_HAB_EU","SI03",2011,68
"PPS_HAB_EU","SI04",2011,99
"PPS_HAB_EU","SK01",2011,180
"PPS_HAB_EU","SK02",2011,69
"PPS_HAB_EU","SK03",2011,57
"PPS_HAB_EU","SK04",2011,49
"PPS_HAB_EU","UKC1",2011,73
"PPS_HAB_EU","UKC2",2011,83
"PPS_HAB_EU","UKD1",2011,87
"PPS_HAB_EU","UKD3",2011,88
"PPS_HAB_EU","UKD4",2011,79
"PPS_HAB_EU","UKD6",2011,116
"PPS_HAB_EU","UKD7",2011,82
"PPS_HAB_EU","UKE1",2011,83
"PPS_HAB_EU","UKE2",2011,96
"PPS_HAB_EU","UKE3",2011,75
"PPS_HAB_EU","UKE4",2011,91
"PPS_HAB_EU","UKF1",2011,85
"PPS_HAB_EU","UKF2",2011,93
"PPS_HAB_EU","UKF3",2011,77
"PPS_HAB_EU","UKG1",2011,92
"PPS_HAB_EU","UKG2",2011,80
"PPS_HAB_EU","UKG3",2011,85
"PPS_HAB_EU","UKH1",2011,98
"PPS_HAB_EU","UKH2",2011,107
"PPS_HAB_EU","UKH3",2011,88
"PPS_HAB_EU","UKI3",2011,543
"PPS_HAB_EU","UKI4",2011,182
"PPS_HAB_EU","UKI5",2011,77
"PPS_HAB_EU","UKI6",2011,94
"PPS_HAB_EU","UKI7",2011,111
"PPS_HAB_EU","UKJ1",2011,144
"PPS_HAB_EU","UKJ2",2011,108
"PPS_HAB_EU","UKJ3",2011,108
"PPS_HAB_EU","UKJ4",2011,86
"PPS_HAB_EU","UKK1",2011,110
"PPS_HAB_EU","UKK2",2011,87
"PPS_HAB_EU","UKK3",2011,75
"PPS_HAB_EU","UKK4",2011,82
"PPS_HAB_EU","UKL1",2011,67
"PPS_HAB_EU","UKL2",2011,89
"PPS_HAB_EU","UKM2",2011,96
"PPS_HAB_EU","UKM3",2011,87
"PPS_HAB_EU","UKM5",2011,154
"PPS_HAB_EU","UKM6",2011,89
"PPS_HAB_EU","UKN0",2011,81
"PPS_HAB_EU","AT11",2012,88
"PPS_HAB_EU","AT12",2012,107
"PPS_HAB_EU","AT13",2012,164
"PPS_HAB_EU","AT21",2012,110
"PPS_HAB_EU","AT22",2012,117
"PPS_HAB_EU","AT31",2012,132
"PPS_HAB_EU","AT32",2012,155
"PPS_HAB_EU","AT33",2012,137
"PPS_HAB_EU","AT34",2012,136
"PPS_HAB_EU","BE10",2012,215
"PPS_HAB_EU","BE21",2012,141
"PPS_HAB_EU","BE22",2012,99
"PPS_HAB_EU","BE23",2012,109
"PPS_HAB_EU","BE24",2012,129
"PPS_HAB_EU","BE25",2012,115
"PPS_HAB_EU","BE31",2012,128
"PPS_HAB_EU","BE32",2012,78
"PPS_HAB_EU","BE33",2012,88
"PPS_HAB_EU","BE34",2012,78
"PPS_HAB_EU","BE35",2012,84
"PPS_HAB_EU","BG31",2012,29
"PPS_HAB_EU","BG32",2012,32
"PPS_HAB_EU","BG33",2012,38
"PPS_HAB_EU","BG34",2012,38
"PPS_HAB_EU","BG41",2012,75
"PPS_HAB_EU","BG42",2012,33
"PPS_HAB_EU","CY00",2012,91
"PPS_HAB_EU","CZ01",2012,171
"PPS_HAB_EU","CZ02",2012,74
"PPS_HAB_EU","CZ03",2012,71
"PPS_HAB_EU","CZ04",2012,62
"PPS_HAB_EU","CZ05",2012,67
"PPS_HAB_EU","CZ06",2012,76
"PPS_HAB_EU","CZ07",2012,66
"PPS_HAB_EU","CZ08",2012,71
"PPS_HAB_EU","DE11",2012,159
"PPS_HAB_EU","DE12",2012,140
"PPS_HAB_EU","DE13",2012,120
"PPS_HAB_EU","DE14",2012,134
"PPS_HAB_EU","DE21",2012,176
"PPS_HAB_EU","DE22",2012,120
"PPS_HAB_EU","DE23",2012,127
"PPS_HAB_EU","DE24",2012,112
"PPS_HAB_EU","DE25",2012,135
"PPS_HAB_EU","DE26",2012,125
"PPS_HAB_EU","DE27",2012,124
"PPS_HAB_EU","DE30",2012,119
"PPS_HAB_EU","DE40",2012,87
"PPS_HAB_EU","DE50",2012,161
"PPS_HAB_EU","DE60",2012,205
"PPS_HAB_EU","DE71",2012,162
"PPS_HAB_EU","DE72",2012,107
"PPS_HAB_EU","DE73",2012,114
"PPS_HAB_EU","DE80",2012,83
"PPS_HAB_EU","DE91",2012,129
"PPS_HAB_EU","DE92",2012,121
"PPS_HAB_EU","DE93",2012,88
"PPS_HAB_EU","DE94",2012,111
"PPS_HAB_EU","DEA1",2012,134
"PPS_HAB_EU","DEA2",2012,131
"PPS_HAB_EU","DEA3",2012,109
"PPS_HAB_EU","DEA4",2012,121
"PPS_HAB_EU","DEA5",2012,112
"PPS_HAB_EU","DEB1",2012,106
"PPS_HAB_EU","DEB2",2012,97
"PPS_HAB_EU","DEB3",2012,120
"PPS_HAB_EU","DEC0",2012,118
"PPS_HAB_EU","DED2",2012,91
"PPS_HAB_EU","DED4",2012,85
"PPS_HAB_EU","DED5",2012,100
"PPS_HAB_EU","DEE0",2012,86
"PPS_HAB_EU","DEF0",2012,103
"PPS_HAB_EU","DEG0",2012,86
"PPS_HAB_EU","DK01",2012,156
"PPS_HAB_EU","DK02",2012,87
"PPS_HAB_EU","DK03",2012,111
"PPS_HAB_EU","DK04",2012,113
"PPS_HAB_EU","DK05",2012,108
"PPS_HAB_EU","EE00",2012,74
"PPS_HAB_EU","EL30",2012,101
"PPS_HAB_EU","EL41",2012,57
"PPS_HAB_EU","EL42",2012,78
"PPS_HAB_EU","EL43",2012,60
"PPS_HAB_EU","EL51",2012,53
"PPS_HAB_EU","EL52",2012,58
"PPS_HAB_EU","EL53",2012,71
"PPS_HAB_EU","EL54",2012,52
"PPS_HAB_EU","EL61",2012,55
"PPS_HAB_EU","EL62",2012,67
"PPS_HAB_EU","EL63",2012,56
"PPS_HAB_EU","EL64",2012,66
"PPS_HAB_EU","EL65",2012,60
"PPS_HAB_EU","ES11",2012,80
"PPS_HAB_EU","ES12",2012,82
"PPS_HAB_EU","ES13",2012,84
"PPS_HAB_EU","ES21",2012,120
"PPS_HAB_EU","ES22",2012,113
"PPS_HAB_EU","ES23",2012,98
"PPS_HAB_EU","ES24",2012,100
"PPS_HAB_EU","ES30",2012,126
"PPS_HAB_EU","ES41",2012,87
"PPS_HAB_EU","ES42",2012,74
"PPS_HAB_EU","ES43",2012,63
"PPS_HAB_EU","ES51",2012,108
"PPS_HAB_EU","ES52",2012,80
"PPS_HAB_EU","ES53",2012,96
"PPS_HAB_EU","ES61",2012,69
"PPS_HAB_EU","ES62",2012,75
"PPS_HAB_EU","ES63",2012,76
"PPS_HAB_EU","ES64",2012,69
"PPS_HAB_EU","ES70",2012,79
"PPS_HAB_EU","FI19",2012,105
"PPS_HAB_EU","FI1B",2012,150
"PPS_HAB_EU","FI1C",2012,103
"PPS_HAB_EU","FI1D",2012,94
"PPS_HAB_EU","FI20",2012,143
"PPS_HAB_EU","FR10",2012,177
"PPS_HAB_EU","FR21",2012,92
"PPS_HAB_EU","FR22",2012,82
"PPS_HAB_EU","FR23",2012,93
"PPS_HAB_EU","FR24",2012,89
"PPS_HAB_EU","FR25",2012,85
"PPS_HAB_EU","FR26",2012,89
"PPS_HAB_EU","FR30",2012,86
"PPS_HAB_EU","FR41",2012,80
"PPS_HAB_EU","FR42",2012,98
"PPS_HAB_EU","FR43",2012,80
"PPS_HAB_EU","FR51",2012,95
"PPS_HAB_EU","FR52",2012,89
"PPS_HAB_EU","FR53",2012,87
"PPS_HAB_EU","FR61",2012,94
"PPS_HAB_EU","FR62",2012,96
"PPS_HAB_EU","FR63",2012,79
"PPS_HAB_EU","FR71",2012,107
"PPS_HAB_EU","FR72",2012,86
"PPS_HAB_EU","FR81",2012,81
"PPS_HAB_EU","FR82",2012,102
"PPS_HAB_EU","FR83",2012,88
"PPS_HAB_EU","FRA1",2012,72
"PPS_HAB_EU","FRA2",2012,75
"PPS_HAB_EU","FRA3",2012,55
"PPS_HAB_EU","FRA4",2012,69
"PPS_HAB_EU","FRA5",2012,28
"PPS_HAB_EU","HR03",2012,57
"PPS_HAB_EU","HR04",2012,61
"PPS_HAB_EU","HU10",2012,105
"PPS_HAB_EU","HU21",2012,57
"PPS_HAB_EU","HU22",2012,65
"PPS_HAB_EU","HU23",2012,44
"PPS_HAB_EU","HU31",2012,39
"PPS_HAB_EU","HU32",2012,42
"PPS_HAB_EU","HU33",2012,44
"PPS_HAB_EU","IE01",2012,86
"PPS_HAB_EU","IE02",2012,148
"PPS_HAB_EU","ITC1",2012,106
"PPS_HAB_EU","ITC2",2012,136
"PPS_HAB_EU","ITC3",2012,111
"PPS_HAB_EU","ITC4",2012,133
"PPS_HAB_EU","ITF1",2012,90
"PPS_HAB_EU","ITF2",2012,77
"PPS_HAB_EU","ITF3",2012,65
"PPS_HAB_EU","ITF4",2012,66
"PPS_HAB_EU","ITF5",2012,72
"PPS_HAB_EU","ITF6",2012,63
"PPS_HAB_EU","ITG1",2012,66
"PPS_HAB_EU","ITG2",2012,76
"PPS_HAB_EU","ITH1",2012,152
"PPS_HAB_EU","ITH2",2012,128
"PPS_HAB_EU","ITH3",2012,113
"PPS_HAB_EU","ITH4",2012,107
"PPS_HAB_EU","ITH5",2012,122
"PPS_HAB_EU","ITI1",2012,108
"PPS_HAB_EU","ITI2",2012,91
"PPS_HAB_EU","ITI3",2012,96
"PPS_HAB_EU","ITI4",2012,121
"PPS_HAB_EU","LT00",2012,70
"PPS_HAB_EU","LU00",2012,258
"PPS_HAB_EU","LV00",2012,60
"PPS_HAB_EU","MK00",2012,34
"PPS_HAB_EU","MT00",2012,84
"PPS_HAB_EU","NL11",2012,187
"PPS_HAB_EU","NL12",2012,96
"PPS_HAB_EU","NL13",2012,93
"PPS_HAB_EU","NL21",2012,107
"PPS_HAB_EU","NL22",2012,110
"PPS_HAB_EU","NL23",2012,101
"PPS_HAB_EU","NL31",2012,156
"PPS_HAB_EU","NL32",2012,161
"PPS_HAB_EU","NL33",2012,133
"PPS_HAB_EU","NL34",2012,102
"PPS_HAB_EU","NL41",2012,134
"PPS_HAB_EU","NL42",2012,108
"PPS_HAB_EU","NO01",2012,192
"PPS_HAB_EU","NO02",2012,102
"PPS_HAB_EU","NO03",2012,109
"PPS_HAB_EU","NO04",2012,149
"PPS_HAB_EU","NO05",2012,145
"PPS_HAB_EU","NO06",2012,127
"PPS_HAB_EU","NO07",2012,118
"PPS_HAB_EU","PL11",2012,62
"PPS_HAB_EU","PL12",2012,106
"PPS_HAB_EU","PL21",2012,59
"PPS_HAB_EU","PL22",2012,70
"PPS_HAB_EU","PL31",2012,47
"PPS_HAB_EU","PL32",2012,46
"PPS_HAB_EU","PL33",2012,50
"PPS_HAB_EU","PL34",2012,48
"PPS_HAB_EU","PL41",2012,70
"PPS_HAB_EU","PL42",2012,56
"PPS_HAB_EU","PL43",2012,55
"PPS_HAB_EU","PL51",2012,75
"PPS_HAB_EU","PL52",2012,54
"PPS_HAB_EU","PL61",2012,54
"PPS_HAB_EU","PL62",2012,47
"PPS_HAB_EU","PL63",2012,65
"PPS_HAB_EU","PT11",2012,64
"PPS_HAB_EU","PT15",2012,77
"PPS_HAB_EU","PT16",2012,67
"PPS_HAB_EU","PT17",2012,106
"PPS_HAB_EU","PT18",2012,70
"PPS_HAB_EU","PT20",2012,70
"PPS_HAB_EU","PT30",2012,73
"PPS_HAB_EU","RO11",2012,47
"PPS_HAB_EU","RO12",2012,52
"PPS_HAB_EU","RO21",2012,34
"PPS_HAB_EU","RO22",2012,46
"PPS_HAB_EU","RO31",2012,41
"PPS_HAB_EU","RO32",2012,126
"PPS_HAB_EU","RO41",2012,41
"PPS_HAB_EU","RO42",2012,58
"PPS_HAB_EU","SE11",2012,177
"PPS_HAB_EU","SE12",2012,111
"PPS_HAB_EU","SE21",2012,107
"PPS_HAB_EU","SE22",2012,107
"PPS_HAB_EU","SE23",2012,120
"PPS_HAB_EU","SE31",2012,104
"PPS_HAB_EU","SE32",2012,112
"PPS_HAB_EU","SE33",2012,123
"PPS_HAB_EU","SI03",2012,67
"PPS_HAB_EU","SI04",2012,97
"PPS_HAB_EU","SK01",2012,180
"PPS_HAB_EU","SK02",2012,71
"PPS_HAB_EU","SK03",2012,59
"PPS_HAB_EU","SK04",2012,51
"PPS_HAB_EU","UKC1",2012,73
"PPS_HAB_EU","UKC2",2012,84
"PPS_HAB_EU","UKD1",2012,90
"PPS_HAB_EU","UKD3",2012,90
"PPS_HAB_EU","UKD4",2012,81
"PPS_HAB_EU","UKD6",2012,124
"PPS_HAB_EU","UKD7",2012,79
"PPS_HAB_EU","UKE1",2012,84
"PPS_HAB_EU","UKE2",2012,96
"PPS_HAB_EU","UKE3",2012,75
"PPS_HAB_EU","UKE4",2012,91
"PPS_HAB_EU","UKF1",2012,86
"PPS_HAB_EU","UKF2",2012,94
"PPS_HAB_EU","UKF3",2012,78
"PPS_HAB_EU","UKG1",2012,96
"PPS_HAB_EU","UKG2",2012,81
"PPS_HAB_EU","UKG3",2012,87
"PPS_HAB_EU","UKH1",2012,100
"PPS_HAB_EU","UKH2",2012,109
"PPS_HAB_EU","UKH3",2012,88
"PPS_HAB_EU","UKI3",2012,552
"PPS_HAB_EU","UKI4",2012,181
"PPS_HAB_EU","UKI5",2012,80
"PPS_HAB_EU","UKI6",2012,95
"PPS_HAB_EU","UKI7",2012,116
"PPS_HAB_EU","UKJ1",2012,148
"PPS_HAB_EU","UKJ2",2012,113
"PPS_HAB_EU","UKJ3",2012,111
"PPS_HAB_EU","UKJ4",2012,88
"PPS_HAB_EU","UKK1",2012,110
"PPS_HAB_EU","UKK2",2012,89
"PPS_HAB_EU","UKK3",2012,78
"PPS_HAB_EU","UKK4",2012,83
"PPS_HAB_EU","UKL1",2012,68
"PPS_HAB_EU","UKL2",2012,91
"PPS_HAB_EU","UKM2",2012,97
"PPS_HAB_EU","UKM3",2012,86
"PPS_HAB_EU","UKM5",2012,160
"PPS_HAB_EU","UKM6",2012,89
"PPS_HAB_EU","UKN0",2012,82
"PPS_HAB_EU","AT11",2013,90
"PPS_HAB_EU","AT12",2013,107
"PPS_HAB_EU","AT13",2013,163
"PPS_HAB_EU","AT21",2013,110
"PPS_HAB_EU","AT22",2013,117
"PPS_HAB_EU","AT31",2013,133
"PPS_HAB_EU","AT32",2013,154
"PPS_HAB_EU","AT33",2013,139
"PPS_HAB_EU","AT34",2013,139
"PPS_HAB_EU","BE10",2013,211
"PPS_HAB_EU","BE21",2013,141
"PPS_HAB_EU","BE22",2013,98
"PPS_HAB_EU","BE23",2013,109
"PPS_HAB_EU","BE24",2013,129
"PPS_HAB_EU","BE25",2013,116
"PPS_HAB_EU","BE31",2013,130
"PPS_HAB_EU","BE32",2013,78
"PPS_HAB_EU","BE33",2013,88
"PPS_HAB_EU","BE34",2013,77
"PPS_HAB_EU","BE35",2013,84
"PPS_HAB_EU","BG31",2013,29
"PPS_HAB_EU","BG32",2013,32
"PPS_HAB_EU","BG33",2013,38
"PPS_HAB_EU","BG34",2013,39
"PPS_HAB_EU","BG41",2013,74
"PPS_HAB_EU","BG42",2013,32
"PPS_HAB_EU","CY00",2013,84
"PPS_HAB_EU","CZ01",2013,173
"PPS_HAB_EU","CZ02",2013,74
"PPS_HAB_EU","CZ03",2013,74
"PPS_HAB_EU","CZ04",2013,63
"PPS_HAB_EU","CZ05",2013,68
"PPS_HAB_EU","CZ06",2013,79
"PPS_HAB_EU","CZ07",2013,67
"PPS_HAB_EU","CZ08",2013,69
"PPS_HAB_EU","DE11",2013,159
"PPS_HAB_EU","DE12",2013,139
"PPS_HAB_EU","DE13",2013,120
"PPS_HAB_EU","DE14",2013,134
"PPS_HAB_EU","DE21",2013,178
"PPS_HAB_EU","DE22",2013,120
"PPS_HAB_EU","DE23",2013,126
"PPS_HAB_EU","DE24",2013,112
"PPS_HAB_EU","DE25",2013,134
"PPS_HAB_EU","DE26",2013,125
"PPS_HAB_EU","DE27",2013,124
"PPS_HAB_EU","DE30",2013,118
"PPS_HAB_EU","DE40",2013,88
"PPS_HAB_EU","DE50",2013,160
"PPS_HAB_EU","DE60",2013,204
"PPS_HAB_EU","DE71",2013,162
"PPS_HAB_EU","DE72",2013,108
"PPS_HAB_EU","DE73",2013,116
"PPS_HAB_EU","DE80",2013,83
"PPS_HAB_EU","DE91",2013,135
"PPS_HAB_EU","DE92",2013,120
"PPS_HAB_EU","DE93",2013,88
"PPS_HAB_EU","DE94",2013,110
"PPS_HAB_EU","DEA1",2013,133
"PPS_HAB_EU","DEA2",2013,131
"PPS_HAB_EU","DEA3",2013,108
"PPS_HAB_EU","DEA4",2013,121
"PPS_HAB_EU","DEA5",2013,112
"PPS_HAB_EU","DEB1",2013,105
"PPS_HAB_EU","DEB2",2013,98
"PPS_HAB_EU","DEB3",2013,118
"PPS_HAB_EU","DEC0",2013,117
"PPS_HAB_EU","DED2",2013,93
"PPS_HAB_EU","DED4",2013,85
"PPS_HAB_EU","DED5",2013,102
"PPS_HAB_EU","DEE0",2013,87
"PPS_HAB_EU","DEF0",2013,103
"PPS_HAB_EU","DEG0",2013,87
"PPS_HAB_EU","DK01",2013,157
"PPS_HAB_EU","DK02",2013,86
"PPS_HAB_EU","DK03",2013,113
"PPS_HAB_EU","DK04",2013,114
"PPS_HAB_EU","DK05",2013,108
"PPS_HAB_EU","EE00",2013,75
"PPS_HAB_EU","EL30",2013,100
"PPS_HAB_EU","EL41",2013,58
"PPS_HAB_EU","EL42",2013,78
"PPS_HAB_EU","EL43",2013,63
"PPS_HAB_EU","EL51",2013,52
"PPS_HAB_EU","EL52",2013,58
"PPS_HAB_EU","EL53",2013,70
"PPS_HAB_EU","EL54",2013,52
"PPS_HAB_EU","EL61",2013,56
"PPS_HAB_EU","EL62",2013,66
"PPS_HAB_EU","EL63",2013,55
"PPS_HAB_EU","EL64",2013,67
"PPS_HAB_EU","EL65",2013,61
"PPS_HAB_EU","ES11",2013,80
"PPS_HAB_EU","ES12",2013,80
"PPS_HAB_EU","ES13",2013,82
"PPS_HAB_EU","ES21",2013,118
"PPS_HAB_EU","ES22",2013,112
"PPS_HAB_EU","ES23",2013,98
"PPS_HAB_EU","ES24",2013,100
"PPS_HAB_EU","ES30",2013,124
"PPS_HAB_EU","ES41",2013,85
"PPS_HAB_EU","ES42",2013,72
"PPS_HAB_EU","ES43",2013,63
"PPS_HAB_EU","ES51",2013,107
"PPS_HAB_EU","ES52",2013,79
"PPS_HAB_EU","ES53",2013,95
"PPS_HAB_EU","ES61",2013,68
"PPS_HAB_EU","ES62",2013,75
"PPS_HAB_EU","ES63",2013,76
"PPS_HAB_EU","ES64",2013,69
"PPS_HAB_EU","ES70",2013,78
"PPS_HAB_EU","FI19",2013,101
"PPS_HAB_EU","FI1B",2013,149
"PPS_HAB_EU","FI1C",2013,99
"PPS_HAB_EU","FI1D",2013,93
"PPS_HAB_EU","FI20",2013,142
"PPS_HAB_EU","FIZZ",2013,NA
"PPS_HAB_EU","FR10",2013,181
"PPS_HAB_EU","FR21",2013,93
"PPS_HAB_EU","FR22",2013,81
"PPS_HAB_EU","FR23",2013,94
"PPS_HAB_EU","FR24",2013,90
"PPS_HAB_EU","FR25",2013,86
"PPS_HAB_EU","FR26",2013,90
"PPS_HAB_EU","FR30",2013,87
"PPS_HAB_EU","FR41",2013,81
"PPS_HAB_EU","FR42",2013,99
"PPS_HAB_EU","FR43",2013,80
"PPS_HAB_EU","FR51",2013,96
"PPS_HAB_EU","FR52",2013,90
"PPS_HAB_EU","FR53",2013,88
"PPS_HAB_EU","FR61",2013,95
"PPS_HAB_EU","FR62",2013,98
"PPS_HAB_EU","FR63",2013,81
"PPS_HAB_EU","FR71",2013,108
"PPS_HAB_EU","FR72",2013,87
"PPS_HAB_EU","FR81",2013,82
"PPS_HAB_EU","FR82",2013,103
"PPS_HAB_EU","FR83",2013,90
"PPS_HAB_EU","FRA1",2013,73
"PPS_HAB_EU","FRA2",2013,76
"PPS_HAB_EU","FRA3",2013,56
"PPS_HAB_EU","FRA4",2013,70
"PPS_HAB_EU","FRA5",2013,30
"PPS_HAB_EU","HR03",2013,57
"PPS_HAB_EU","HR04",2013,60
"PPS_HAB_EU","HU10",2013,107
"PPS_HAB_EU","HU21",2013,59
"PPS_HAB_EU","HU22",2013,67
"PPS_HAB_EU","HU23",2013,45
"PPS_HAB_EU","HU31",2013,41
"PPS_HAB_EU","HU32",2013,42
"PPS_HAB_EU","HU33",2013,46
"PPS_HAB_EU","IE01",2013,87
"PPS_HAB_EU","IE02",2013,148
"PPS_HAB_EU","ITC1",2013,102
"PPS_HAB_EU","ITC2",2013,133
"PPS_HAB_EU","ITC3",2013,105
"PPS_HAB_EU","ITC4",2013,130
"PPS_HAB_EU","ITF1",2013,88
"PPS_HAB_EU","ITF2",2013,75
"PPS_HAB_EU","ITF3",2013,63
"PPS_HAB_EU","ITF4",2013,64
"PPS_HAB_EU","ITF5",2013,70
"PPS_HAB_EU","ITF6",2013,60
"PPS_HAB_EU","ITG1",2013,64
"PPS_HAB_EU","ITG2",2013,74
"PPS_HAB_EU","ITH1",2013,150
"PPS_HAB_EU","ITH2",2013,126
"PPS_HAB_EU","ITH3",2013,109
"PPS_HAB_EU","ITH4",2013,104
"PPS_HAB_EU","ITH5",2013,120
"PPS_HAB_EU","ITI1",2013,107
"PPS_HAB_EU","ITI2",2013,89
"PPS_HAB_EU","ITI3",2013,93
"PPS_HAB_EU","ITI4",2013,116
"PPS_HAB_EU","LT00",2013,73
"PPS_HAB_EU","LU00",2013,264
"PPS_HAB_EU","LV00",2013,62
"PPS_HAB_EU","MK00",2013,36
"PPS_HAB_EU","MT00",2013,86
"PPS_HAB_EU","NL11",2013,192
"PPS_HAB_EU","NL12",2013,96
"PPS_HAB_EU","NL13",2013,95
"PPS_HAB_EU","NL21",2013,107
"PPS_HAB_EU","NL22",2013,110
"PPS_HAB_EU","NL23",2013,100
"PPS_HAB_EU","NL31",2013,155
"PPS_HAB_EU","NL32",2013,162
"PPS_HAB_EU","NL33",2013,132
"PPS_HAB_EU","NL34",2013,101
"PPS_HAB_EU","NL41",2013,134
"PPS_HAB_EU","NL42",2013,108
"PPS_HAB_EU","NO01",2013,194
"PPS_HAB_EU","NO02",2013,103
"PPS_HAB_EU","NO03",2013,108
"PPS_HAB_EU","NO04",2013,150
"PPS_HAB_EU","NO05",2013,147
"PPS_HAB_EU","NO06",2013,129
"PPS_HAB_EU","NO07",2013,121
"PPS_HAB_EU","PL11",2013,62
"PPS_HAB_EU","PL12",2013,107
"PPS_HAB_EU","PL21",2013,59
"PPS_HAB_EU","PL22",2013,70
"PPS_HAB_EU","PL31",2013,47
"PPS_HAB_EU","PL32",2013,47
"PPS_HAB_EU","PL33",2013,49
"PPS_HAB_EU","PL34",2013,49
"PPS_HAB_EU","PL41",2013,72
"PPS_HAB_EU","PL42",2013,56
"PPS_HAB_EU","PL43",2013,56
"PPS_HAB_EU","PL51",2013,75
"PPS_HAB_EU","PL52",2013,54
"PPS_HAB_EU","PL61",2013,55
"PPS_HAB_EU","PL62",2013,48
"PPS_HAB_EU","PL63",2013,64
"PPS_HAB_EU","PT11",2013,64
"PPS_HAB_EU","PT15",2013,77
"PPS_HAB_EU","PT16",2013,67
"PPS_HAB_EU","PT17",2013,106
"PPS_HAB_EU","PT18",2013,69
"PPS_HAB_EU","PT20",2013,70
"PPS_HAB_EU","PT30",2013,73
"PPS_HAB_EU","RO11",2013,47
"PPS_HAB_EU","RO12",2013,51
"PPS_HAB_EU","RO21",2013,34
"PPS_HAB_EU","RO22",2013,49
"PPS_HAB_EU","RO31",2013,43
"PPS_HAB_EU","RO32",2013,127
"PPS_HAB_EU","RO41",2013,40
"PPS_HAB_EU","RO42",2013,56
"PPS_HAB_EU","SE11",2013,173
"PPS_HAB_EU","SE12",2013,109
"PPS_HAB_EU","SE21",2013,106
"PPS_HAB_EU","SE22",2013,106
"PPS_HAB_EU","SE23",2013,119
"PPS_HAB_EU","SE31",2013,101
"PPS_HAB_EU","SE32",2013,109
"PPS_HAB_EU","SE33",2013,118
"PPS_HAB_EU","SI03",2013,66
"PPS_HAB_EU","SI04",2013,96
"PPS_HAB_EU","SK01",2013,187
"PPS_HAB_EU","SK02",2013,71
"PPS_HAB_EU","SK03",2013,60
"PPS_HAB_EU","SK04",2013,52
"PPS_HAB_EU","UKC1",2013,74
"PPS_HAB_EU","UKC2",2013,83
"PPS_HAB_EU","UKD1",2013,94
"PPS_HAB_EU","UKD3",2013,92
"PPS_HAB_EU","UKD4",2013,82
"PPS_HAB_EU","UKD6",2013,123
"PPS_HAB_EU","UKD7",2013,81
"PPS_HAB_EU","UKE1",2013,82
"PPS_HAB_EU","UKE2",2013,97
"PPS_HAB_EU","UKE3",2013,75
"PPS_HAB_EU","UKE4",2013,91
"PPS_HAB_EU","UKF1",2013,87
"PPS_HAB_EU","UKF2",2013,95
"PPS_HAB_EU","UKF3",2013,81
"PPS_HAB_EU","UKG1",2013,97
"PPS_HAB_EU","UKG2",2013,82
"PPS_HAB_EU","UKG3",2013,87
"PPS_HAB_EU","UKH1",2013,100
"PPS_HAB_EU","UKH2",2013,110
"PPS_HAB_EU","UKH3",2013,87
"PPS_HAB_EU","UKI3",2013,528
"PPS_HAB_EU","UKI4",2013,198
"PPS_HAB_EU","UKI5",2013,80
"PPS_HAB_EU","UKI6",2013,94
"PPS_HAB_EU","UKI7",2013,118
"PPS_HAB_EU","UKJ1",2013,149
"PPS_HAB_EU","UKJ2",2013,115
"PPS_HAB_EU","UKJ3",2013,111
"PPS_HAB_EU","UKJ4",2013,87
"PPS_HAB_EU","UKK1",2013,111
"PPS_HAB_EU","UKK2",2013,89
"PPS_HAB_EU","UKK3",2013,77
"PPS_HAB_EU","UKK4",2013,85
"PPS_HAB_EU","UKL1",2013,69
"PPS_HAB_EU","UKL2",2013,91
"PPS_HAB_EU","UKM2",2013,98
"PPS_HAB_EU","UKM3",2013,89
"PPS_HAB_EU","UKM5",2013,163
"PPS_HAB_EU","UKM6",2013,92
"PPS_HAB_EU","UKN0",2013,82
"PPS_HAB_EU","AT11",2014,89
"PPS_HAB_EU","AT12",2014,105
"PPS_HAB_EU","AT13",2014,158
"PPS_HAB_EU","AT21",2014,108
"PPS_HAB_EU","AT22",2014,116
"PPS_HAB_EU","AT31",2014,132
"PPS_HAB_EU","AT32",2014,152
"PPS_HAB_EU","AT33",2014,138
"PPS_HAB_EU","AT34",2014,139
"PPS_HAB_EU","BE10",2014,207
"PPS_HAB_EU","BE21",2014,138
"PPS_HAB_EU","BE22",2014,98
"PPS_HAB_EU","BE23",2014,108
"PPS_HAB_EU","BE24",2014,129
"PPS_HAB_EU","BE25",2014,115
"PPS_HAB_EU","BE31",2014,130
"PPS_HAB_EU","BE32",2014,76
"PPS_HAB_EU","BE33",2014,87
"PPS_HAB_EU","BE34",2014,76
"PPS_HAB_EU","BE35",2014,83
"PPS_HAB_EU","BG31",2014,30
"PPS_HAB_EU","BG32",2014,34
"PPS_HAB_EU","BG33",2014,39
"PPS_HAB_EU","BG34",2014,39
"PPS_HAB_EU","BG41",2014,75
"PPS_HAB_EU","BG42",2014,32
"PPS_HAB_EU","CY00",2014,82
"PPS_HAB_EU","CZ01",2014,173
"PPS_HAB_EU","CZ02",2014,77
"PPS_HAB_EU","CZ03",2014,76
"PPS_HAB_EU","CZ04",2014,63
"PPS_HAB_EU","CZ05",2014,70
"PPS_HAB_EU","CZ06",2014,79
"PPS_HAB_EU","CZ07",2014,70
"PPS_HAB_EU","CZ08",2014,70
"PPS_HAB_EU","DE11",2014,162
"PPS_HAB_EU","DE12",2014,140
"PPS_HAB_EU","DE13",2014,122
"PPS_HAB_EU","DE14",2014,136
"PPS_HAB_EU","DE21",2014,179
"PPS_HAB_EU","DE22",2014,121
"PPS_HAB_EU","DE23",2014,128
"PPS_HAB_EU","DE24",2014,114
"PPS_HAB_EU","DE25",2014,135
"PPS_HAB_EU","DE26",2014,127
"PPS_HAB_EU","DE27",2014,125
"PPS_HAB_EU","DE30",2014,119
"PPS_HAB_EU","DE40",2014,88
"PPS_HAB_EU","DE50",2014,161
"PPS_HAB_EU","DE60",2014,206
"PPS_HAB_EU","DE71",2014,163
"PPS_HAB_EU","DE72",2014,109
"PPS_HAB_EU","DE73",2014,118
"PPS_HAB_EU","DE80",2014,84
"PPS_HAB_EU","DE91",2014,136
"PPS_HAB_EU","DE92",2014,121
"PPS_HAB_EU","DE93",2014,88
"PPS_HAB_EU","DE94",2014,111
"PPS_HAB_EU","DEA1",2014,134
"PPS_HAB_EU","DEA2",2014,132
"PPS_HAB_EU","DEA3",2014,109
"PPS_HAB_EU","DEA4",2014,122
"PPS_HAB_EU","DEA5",2014,113
"PPS_HAB_EU","DEB1",2014,107
"PPS_HAB_EU","DEB2",2014,99
"PPS_HAB_EU","DEB3",2014,119
"PPS_HAB_EU","DEC0",2014,119
"PPS_HAB_EU","DED2",2014,95
"PPS_HAB_EU","DED4",2014,87
"PPS_HAB_EU","DED5",2014,103
"PPS_HAB_EU","DEE0",2014,87
"PPS_HAB_EU","DEF0",2014,104
"PPS_HAB_EU","DEG0",2014,88
"PPS_HAB_EU","DK01",2014,157
"PPS_HAB_EU","DK02",2014,85
"PPS_HAB_EU","DK03",2014,112
"PPS_HAB_EU","DK04",2014,112
"PPS_HAB_EU","DK05",2014,107
"PPS_HAB_EU","EE00",2014,76
"PPS_HAB_EU","EL30",2014,99
"PPS_HAB_EU","EL41",2014,57
"PPS_HAB_EU","EL42",2014,80
"PPS_HAB_EU","EL43",2014,63
"PPS_HAB_EU","EL51",2014,50
"PPS_HAB_EU","EL52",2014,56
"PPS_HAB_EU","EL53",2014,66
"PPS_HAB_EU","EL54",2014,51
"PPS_HAB_EU","EL61",2014,55
"PPS_HAB_EU","EL62",2014,67
"PPS_HAB_EU","EL63",2014,54
"PPS_HAB_EU","EL64",2014,61
"PPS_HAB_EU","EL65",2014,58
"PPS_HAB_EU","ES11",2014,80
"PPS_HAB_EU","ES12",2014,80
"PPS_HAB_EU","ES13",2014,82
"PPS_HAB_EU","ES21",2014,119
"PPS_HAB_EU","ES22",2014,113
"PPS_HAB_EU","ES23",2014,100
"PPS_HAB_EU","ES24",2014,100
"PPS_HAB_EU","ES30",2014,125
"PPS_HAB_EU","ES41",2014,86
"PPS_HAB_EU","ES42",2014,72
"PPS_HAB_EU","ES43",2014,63
"PPS_HAB_EU","ES51",2014,108
"PPS_HAB_EU","ES52",2014,80
"PPS_HAB_EU","ES53",2014,96
"PPS_HAB_EU","ES61",2014,67
"PPS_HAB_EU","ES62",2014,74
"PPS_HAB_EU","ES63",2014,76
"PPS_HAB_EU","ES64",2014,68
"PPS_HAB_EU","ES70",2014,78
"PPS_HAB_EU","FI19",2014,99
"PPS_HAB_EU","FI1B",2014,144
"PPS_HAB_EU","FI1C",2014,97
"PPS_HAB_EU","FI1D",2014,91
"PPS_HAB_EU","FI20",2014,138
"PPS_HAB_EU","FR10",2014,178
"PPS_HAB_EU","FR21",2014,94
"PPS_HAB_EU","FR22",2014,78
"PPS_HAB_EU","FR23",2014,93
"PPS_HAB_EU","FR24",2014,88
"PPS_HAB_EU","FR25",2014,85
"PPS_HAB_EU","FR26",2014,90
"PPS_HAB_EU","FR30",2014,85
"PPS_HAB_EU","FR41",2014,79
"PPS_HAB_EU","FR42",2014,97
"PPS_HAB_EU","FR43",2014,77
"PPS_HAB_EU","FR51",2014,95
"PPS_HAB_EU","FR52",2014,88
"PPS_HAB_EU","FR53",2014,87
"PPS_HAB_EU","FR61",2014,92
"PPS_HAB_EU","FR62",2014,96
"PPS_HAB_EU","FR63",2014,80
"PPS_HAB_EU","FR71",2014,106
"PPS_HAB_EU","FR72",2014,85
"PPS_HAB_EU","FR81",2014,81
"PPS_HAB_EU","FR82",2014,102
"PPS_HAB_EU","FR83",2014,89
"PPS_HAB_EU","FRA1",2014,73
"PPS_HAB_EU","FRA2",2014,77
"PPS_HAB_EU","FRA3",2014,58
"PPS_HAB_EU","FRA4",2014,70
"PPS_HAB_EU","FRA5",2014,31
"PPS_HAB_EU","HR03",2014,57
"PPS_HAB_EU","HR04",2014,60
"PPS_HAB_EU","HU10",2014,107
"PPS_HAB_EU","HU21",2014,61
"PPS_HAB_EU","HU22",2014,71
"PPS_HAB_EU","HU23",2014,45
"PPS_HAB_EU","HU31",2014,42
"PPS_HAB_EU","HU32",2014,43
"PPS_HAB_EU","HU33",2014,47
"PPS_HAB_EU","IE01",2014,88
"PPS_HAB_EU","IE02",2014,150
"PPS_HAB_EU","ITC1",2014,100
"PPS_HAB_EU","ITC2",2014,133
"PPS_HAB_EU","ITC3",2014,104
"PPS_HAB_EU","ITC4",2014,126
"PPS_HAB_EU","ITF1",2014,84
"PPS_HAB_EU","ITF2",2014,75
"PPS_HAB_EU","ITF3",2014,61
"PPS_HAB_EU","ITF4",2014,63
"PPS_HAB_EU","ITF5",2014,69
"PPS_HAB_EU","ITF6",2014,59
"PPS_HAB_EU","ITG1",2014,62
"PPS_HAB_EU","ITG2",2014,72
"PPS_HAB_EU","ITH1",2014,144
"PPS_HAB_EU","ITH2",2014,123
"PPS_HAB_EU","ITH3",2014,108
"PPS_HAB_EU","ITH4",2014,101
"PPS_HAB_EU","ITH5",2014,117
"PPS_HAB_EU","ITI1",2014,104
"PPS_HAB_EU","ITI2",2014,87
"PPS_HAB_EU","ITI3",2014,92
"PPS_HAB_EU","ITI4",2014,114
"PPS_HAB_EU","LT00",2014,75
"PPS_HAB_EU","LU00",2014,266
"PPS_HAB_EU","LV00",2014,64
"PPS_HAB_EU","MK00",2014,37
"PPS_HAB_EU","MT00",2014,86
"PPS_HAB_EU","NL11",2014,163
"PPS_HAB_EU","NL12",2014,93
"PPS_HAB_EU","NL13",2014,94
"PPS_HAB_EU","NL21",2014,107
"PPS_HAB_EU","NL22",2014,110
"PPS_HAB_EU","NL23",2014,100
"PPS_HAB_EU","NL31",2014,154
"PPS_HAB_EU","NL32",2014,161
"PPS_HAB_EU","NL33",2014,131
"PPS_HAB_EU","NL34",2014,100
"PPS_HAB_EU","NL41",2014,134
"PPS_HAB_EU","NL42",2014,109
"PPS_HAB_EU","PL11",2014,63
"PPS_HAB_EU","PL12",2014,108
"PPS_HAB_EU","PL21",2014,60
"PPS_HAB_EU","PL22",2014,70
"PPS_HAB_EU","PL31",2014,47
"PPS_HAB_EU","PL32",2014,48
"PPS_HAB_EU","PL33",2014,49
"PPS_HAB_EU","PL34",2014,49
"PPS_HAB_EU","PL41",2014,73
"PPS_HAB_EU","PL42",2014,57
"PPS_HAB_EU","PL43",2014,57
"PPS_HAB_EU","PL51",2014,76
"PPS_HAB_EU","PL52",2014,55
"PPS_HAB_EU","PL61",2014,55
"PPS_HAB_EU","PL62",2014,48
"PPS_HAB_EU","PL63",2014,64
"PPS_HAB_EU","PT11",2014,65
"PPS_HAB_EU","PT15",2014,78
"PPS_HAB_EU","PT16",2014,67
"PPS_HAB_EU","PT17",2014,106
"PPS_HAB_EU","PT18",2014,70
"PPS_HAB_EU","PT20",2014,71
"PPS_HAB_EU","PT30",2014,73
"PPS_HAB_EU","RO11",2014,48
"PPS_HAB_EU","RO12",2014,52
"PPS_HAB_EU","RO21",2014,34
"PPS_HAB_EU","RO22",2014,50
"PPS_HAB_EU","RO31",2014,43
"PPS_HAB_EU","RO32",2014,129
"PPS_HAB_EU","RO41",2014,41
"PPS_HAB_EU","RO42",2014,58
"PPS_HAB_EU","SE11",2014,172
"PPS_HAB_EU","SE12",2014,106
"PPS_HAB_EU","SE21",2014,104
"PPS_HAB_EU","SE22",2014,105
"PPS_HAB_EU","SE23",2014,118
"PPS_HAB_EU","SE31",2014,99
"PPS_HAB_EU","SE32",2014,107
"PPS_HAB_EU","SE33",2014,114
"PPS_HAB_EU","SI03",2014,68
"PPS_HAB_EU","SI04",2014,98
"PPS_HAB_EU","SK01",2014,186
"PPS_HAB_EU","SK02",2014,72
"PPS_HAB_EU","SK03",2014,61
"PPS_HAB_EU","SK04",2014,53
"PPS_HAB_EU","UKC1",2014,74
"PPS_HAB_EU","UKC2",2014,84
"PPS_HAB_EU","UKD1",2014,94
"PPS_HAB_EU","UKD3",2014,92
"PPS_HAB_EU","UKD4",2014,82
"PPS_HAB_EU","UKD6",2014,123
"PPS_HAB_EU","UKD7",2014,81
"PPS_HAB_EU","UKE1",2014,83
"PPS_HAB_EU","UKE2",2014,98
"PPS_HAB_EU","UKE3",2014,76
"PPS_HAB_EU","UKE4",2014,91
"PPS_HAB_EU","UKF1",2014,87
"PPS_HAB_EU","UKF2",2014,96
"PPS_HAB_EU","UKF3",2014,81
"PPS_HAB_EU","UKG1",2014,97
"PPS_HAB_EU","UKG2",2014,82
"PPS_HAB_EU","UKG3",2014,86
"PPS_HAB_EU","UKH1",2014,101
"PPS_HAB_EU","UKH2",2014,113
"PPS_HAB_EU","UKH3",2014,88
"PPS_HAB_EU","UKI3",2014,539
"PPS_HAB_EU","UKI4",2014,204
"PPS_HAB_EU","UKI5",2014,81
"PPS_HAB_EU","UKI6",2014,98
"PPS_HAB_EU","UKI7",2014,121
"PPS_HAB_EU","UKJ1",2014,149
"PPS_HAB_EU","UKJ2",2014,115
"PPS_HAB_EU","UKJ3",2014,112
"PPS_HAB_EU","UKJ4",2014,88
"PPS_HAB_EU","UKK1",2014,112
"PPS_HAB_EU","UKK2",2014,90
"PPS_HAB_EU","UKK3",2014,75
"PPS_HAB_EU","UKK4",2014,85
"PPS_HAB_EU","UKL1",2014,69
"PPS_HAB_EU","UKL2",2014,90
"PPS_HAB_EU","UKM2",2014,99
"PPS_HAB_EU","UKM3",2014,91
"PPS_HAB_EU","UKM5",2014,164
"PPS_HAB_EU","UKM6",2014,93
"PPS_HAB_EU","UKN0",2014,82
